filepath,label
Kather_texture_2016_image_tiles_5000/02_STROMA/13843_CRC-Prim-HE-04_013.tif_Row_1651_Col_1.tif,1
Kather_texture_2016_image_tiles_5000/01_TUMOR/17269_CRC-Prim-HE-07_025.tif_Row_901_Col_151.tif,0
Kather_texture_2016_image_tiles_5000/02_STROMA/10E46_CRC-Prim-HE-04_013.tif_Row_751_Col_751.tif,1
Kather_texture_2016_image_tiles_5000/05_DEBRIS/7E74_CRC-Prim-HE-04_002.tif_Row_151_Col_1801.tif,4
Kather_texture_2016_image_tiles_5000/02_STROMA/1385_CRC-Prim-HE-04.tif_Row_151_Col_1501.tif,1
Kather_texture_2016_image_tiles_5000/03_COMPLEX/12ED7_CRC-Prim-HE-09_029.tif_Row_151_Col_151.tif,2
Kather_texture_2016_image_tiles_5000/08_EMPTY/140B0_CRC-Prim-HE-06_005.tif_Row_6001_Col_6901.tif,7
Kather_texture_2016_image_tiles_5000/05_DEBRIS/8941_CRC-Prim-HE-03_031.tif_Row_901_Col_151.tif,4
Kather_texture_2016_image_tiles_5000/02_STROMA/106BB_CRC-Prim-HE-04.tif_Row_1801_Col_1801.tif,1
Kather_texture_2016_image_tiles_5000/07_ADIPOSE/16B7F_CRC-Prim-HE-03_012.tif_Row_1501_Col_1351.tif,6
Kather_texture_2016_image_tiles_5000/03_COMPLEX/10EFB_CRC-Prim-HE-05_012.tif_Row_1_Col_451.tif,2
Kather_texture_2016_image_tiles_5000/08_EMPTY/11023_CRC-Prim-HE-06_005.tif_Row_1051_Col_151.tif,7
Kather_texture_2016_image_tiles_5000/05_DEBRIS/64CE_CRC-Prim-HE-08_021.tif_Row_1501_Col_1201.tif,4
Kather_texture_2016_image_tiles_5000/04_LYMPHO/139C5_CRC-Prim-HE-09_005.tif_Row_1_Col_301.tif,3
Kather_texture_2016_image_tiles_5000/03_COMPLEX/11BA6_CRC-Prim-HE-03_002.tif_Row_1201_Col_1951.tif,2
Kather_texture_2016_image_tiles_5000/02_STROMA/131C4_CRC-Prim-HE-08_004.tif_Row_451_Col_1.tif,1
Kather_texture_2016_image_tiles_5000/07_ADIPOSE/1485B_CRC-Prim-HE-04_036.tif_Row_451_Col_1201.tif,6
Kather_texture_2016_image_tiles_5000/08_EMPTY/14B40_CRC-Prim-HE-06_005.tif_Row_6001_Col_4051.tif,7
Kather_texture_2016_image_tiles_5000/05_DEBRIS/128BF_CRC-Prim-HE-04_001.tif_Row_901_Col_151.tif,4
Kather_texture_2016_image_tiles_5000/07_ADIPOSE/14B6C_CRC-Prim-HE-10_020.tif_Row_601_Col_1201.tif,6
Kather_texture_2016_image_tiles_5000/07_ADIPOSE/16390_CRC-Prim-HE-06_004.tif_Row_1351_Col_2701.tif,6
Kather_texture_2016_image_tiles_5000/01_TUMOR/127FE_CRC-Prim-HE-01_042.tif_Row_1_Col_1.tif,0
Kather_texture_2016_image_tiles_5000/08_EMPTY/140CD_CRC-Prim-HE-06_005.tif_Row_2401_Col_3301.tif,7
Kather_texture_2016_image_tiles_5000/01_TUMOR/1305D_CRC-Prim-HE-04_016.tif_Row_1_Col_1.tif,0
Kather_texture_2016_image_tiles_5000/07_ADIPOSE/1526C_CRC-Prim-HE-06_004.tif_Row_2551_Col_301.tif,6
Kather_texture_2016_image_tiles_5000/01_TUMOR/18444_CRC-Prim-HE-08_007.tif_Row_151_Col_301.tif,0
Kather_texture_2016_image_tiles_5000/02_STROMA/1288D_CRC-Prim-HE-02_015.tif_Row_451_Col_1651.tif,1
Kather_texture_2016_image_tiles_5000/04_LYMPHO/D8FB_CRC-Prim-HE-01_006b.tif_Row_301_Col_1.tif,3
Kather_texture_2016_image_tiles_5000/01_TUMOR/10B61_CRC-Prim-HE-09_022.tif_Row_301_Col_1.tif,0
Kather_texture_2016_image_tiles_5000/08_EMPTY/13C6D_CRC-Prim-HE-06_005.tif_Row_6151_Col_4951.tif,7
Kather_texture_2016_image_tiles_5000/05_DEBRIS/1205A_CRC-Prim-HE-08_021.tif_Row_1_Col_1651.tif,4
Kather_texture_2016_image_tiles_5000/05_DEBRIS/14D79_CRC-Prim-HE-08_021.tif_Row_151_Col_1201.tif,4
Kather_texture_2016_image_tiles_5000/06_MUCOSA/16113_CRC-Prim-HE-03_006.tif_Row_301_Col_751.tif,5
Kather_texture_2016_image_tiles_5000/03_COMPLEX/720_CRC-Prim-HE-07_011.tif_Row_151_Col_1.tif,2
Kather_texture_2016_image_tiles_5000/01_TUMOR/836_CRC-Prim-HE-08_007.tif_Row_751_Col_151.tif,0
Kather_texture_2016_image_tiles_5000/03_COMPLEX/13FF2_CRC-Prim-HE-07_015.tif_Row_301_Col_151.tif,2
Kather_texture_2016_image_tiles_5000/04_LYMPHO/2E37_CRC-Prim-HE-05_022.tif_Row_151_Col_151.tif,3
Kather_texture_2016_image_tiles_5000/01_TUMOR/7453_CRC-Prim-HE-08_016.tif_Row_1_Col_451.tif,0
Kather_texture_2016_image_tiles_5000/01_TUMOR/A26A_CRC-Prim-HE-05_008.tif_Row_151_Col_1.tif,0
Kather_texture_2016_image_tiles_5000/07_ADIPOSE/1585F_CRC-Prim-HE-05_032.tif_Row_1_Col_4351.tif,6
Kather_texture_2016_image_tiles_5000/03_COMPLEX/14366_CRC-Prim-HE-03_026.tif_Row_1_Col_301.tif,2
Kather_texture_2016_image_tiles_5000/03_COMPLEX/180D9_CRC-Prim-HE-09_016.tif_Row_151_Col_751.tif,2
Kather_texture_2016_image_tiles_5000/07_ADIPOSE/1330F_CRC-Prim-HE-05_032.tif_Row_301_Col_2701.tif,6
Kather_texture_2016_image_tiles_5000/08_EMPTY/12645_CRC-Prim-HE-06_005.tif_Row_1501_Col_5551.tif,7
Kather_texture_2016_image_tiles_5000/01_TUMOR/376D_CRC-Prim-HE-01_031.tif_Row_1_Col_1.tif,0
Kather_texture_2016_image_tiles_5000/08_EMPTY/12200_CRC-Prim-HE-06_005.tif_Row_5851_Col_7501.tif,7
Kather_texture_2016_image_tiles_5000/06_MUCOSA/153A0_CRC-Prim-HE-09_001.tif_Row_2401_Col_751.tif,5
Kather_texture_2016_image_tiles_5000/03_COMPLEX/1661D_CRC-Prim-HE-01_030.tif_Row_151_Col_301.tif,2
Kather_texture_2016_image_tiles_5000/07_ADIPOSE/10B4E_CRC-Prim-HE-05_032.tif_Row_901_Col_1051.tif,6
Kather_texture_2016_image_tiles_5000/07_ADIPOSE/11744_CRC-Prim-HE-07.tif_Row_1_Col_3301.tif,6
Kather_texture_2016_image_tiles_5000/05_DEBRIS/140EB_CRC-Prim-HE-08_021.tif_Row_1501_Col_151.tif,4
Kather_texture_2016_image_tiles_5000/03_COMPLEX/17BC9_CRC-Prim-HE-05_009a.tif_Row_151_Col_901.tif,2
Kather_texture_2016_image_tiles_5000/05_DEBRIS/55E2_CRC-Prim-HE-05_031.tif_Row_451_Col_451.tif,4
Kather_texture_2016_image_tiles_5000/07_ADIPOSE/15AB_CRC-Prim-HE-03_012.tif_Row_3901_Col_1801.tif,6
Kather_texture_2016_image_tiles_5000/03_COMPLEX/585B_CRC-Prim-HE-06_021.tif_Row_1_Col_1.tif,2
Kather_texture_2016_image_tiles_5000/04_LYMPHO/D6FE_CRC-Prim-HE-01_006.tif_Row_1_Col_301.tif,3
Kather_texture_2016_image_tiles_5000/03_COMPLEX/5D10_CRC-Prim-HE-01_035.tif_Row_151_Col_1501.tif,2
Kather_texture_2016_image_tiles_5000/08_EMPTY/1110F_CRC-Prim-HE-06_005.tif_Row_4051_Col_6901.tif,7
Kather_texture_2016_image_tiles_5000/08_EMPTY/156D8_CRC-Prim-HE-06_005.tif_Row_1501_Col_6751.tif,7
Kather_texture_2016_image_tiles_5000/08_EMPTY/10895_CRC-Prim-HE-06_005.tif_Row_2401_Col_4501.tif,7
Kather_texture_2016_image_tiles_5000/08_EMPTY/10D5E_CRC-Prim-HE-06_005.tif_Row_151_Col_2401.tif,7
Kather_texture_2016_image_tiles_5000/08_EMPTY/131DF_CRC-Prim-HE-06_005.tif_Row_1501_Col_6601.tif,7
Kather_texture_2016_image_tiles_5000/04_LYMPHO/832_CRC-Prim-HE-02_001.tif_Row_1_Col_151.tif,3
Kather_texture_2016_image_tiles_5000/04_LYMPHO/ABA0_CRC-Prim-HE-05_010.tif_Row_451_Col_301.tif,3
Kather_texture_2016_image_tiles_5000/03_COMPLEX/4078_CRC-Prim-HE-03_002.tif_Row_601_Col_901.tif,2
Kather_texture_2016_image_tiles_5000/06_MUCOSA/1061_CRC-Prim-HE-09_001.tif_Row_1651_Col_1051.tif,5
Kather_texture_2016_image_tiles_5000/02_STROMA/117BF_CRC-Prim-HE-04.tif_Row_301_Col_1501.tif,1
Kather_texture_2016_image_tiles_5000/07_ADIPOSE/145CF_CRC-Prim-HE-10_020.tif_Row_751_Col_601.tif,6
Kather_texture_2016_image_tiles_5000/07_ADIPOSE/12618_CRC-Prim-HE-03_012.tif_Row_4201_Col_2701.tif,6
Kather_texture_2016_image_tiles_5000/02_STROMA/12C64_CRC-Prim-HE-06_003.tif_Row_151_Col_1051.tif,1
Kather_texture_2016_image_tiles_5000/02_STROMA/137F2_CRC-Prim-HE-01_018.tif_Row_301_Col_451.tif,1
Kather_texture_2016_image_tiles_5000/03_COMPLEX/17D73_CRC-Prim-HE-01_034.tif_Row_451_Col_301.tif,2
Kather_texture_2016_image_tiles_5000/06_MUCOSA/10192_CRC-Prim-HE-07_001_copy.tif_Row_1501_Col_301.tif,5
Kather_texture_2016_image_tiles_5000/05_DEBRIS/1824B_CRC-Prim-HE-10_016.tif_Row_1_Col_1.tif,4
Kather_texture_2016_image_tiles_5000/08_EMPTY/12901_CRC-Prim-HE-06_005.tif_Row_5101_Col_7351.tif,7
Kather_texture_2016_image_tiles_5000/04_LYMPHO/10B3B_CRC-Prim-HE-05_028.tif_Row_151_Col_151.tif,3
Kather_texture_2016_image_tiles_5000/03_COMPLEX/110D2_CRC-Prim-HE-02_006.tif_Row_1_Col_151.tif,2
Kather_texture_2016_image_tiles_5000/05_DEBRIS/8594_CRC-Prim-HE-08_023.tif_Row_751_Col_901.tif,4
Kather_texture_2016_image_tiles_5000/05_DEBRIS/14EF2_CRC-Prim-HE-03_031.tif_Row_901_Col_601.tif,4
Kather_texture_2016_image_tiles_5000/03_COMPLEX/38A0_CRC-Prim-HE-10_025.tif_Row_451_Col_151.tif,2
Kather_texture_2016_image_tiles_5000/04_LYMPHO/10349_CRC-Prim-HE-09_006.tif_Row_601_Col_151.tif,3
Kather_texture_2016_image_tiles_5000/04_LYMPHO/176D9_CRC-Prim-HE-01b.tif_Row_451_Col_1.tif,3
Kather_texture_2016_image_tiles_5000/07_ADIPOSE/14023_CRC-Prim-HE-03_012.tif_Row_3001_Col_601.tif,6
Kather_texture_2016_image_tiles_5000/04_LYMPHO/2FBD_CRC-Prim-HE-09_006.tif_Row_601_Col_1.tif,3
Kather_texture_2016_image_tiles_5000/01_TUMOR/261A_CRC-Prim-HE-01_011.tif_Row_1_Col_1.tif,0
Kather_texture_2016_image_tiles_5000/08_EMPTY/11E36_CRC-Prim-HE-06_005.tif_Row_1_Col_7351.tif,7
Kather_texture_2016_image_tiles_5000/04_LYMPHO/543C_CRC-Prim-HE-01_006b.tif_Row_151_Col_751.tif,3
Kather_texture_2016_image_tiles_5000/05_DEBRIS/6A3E_CRC-Prim-HE-04_030.tif_Row_451_Col_1.tif,4
Kather_texture_2016_image_tiles_5000/03_COMPLEX/13FDC_CRC-Prim-HE-10_003.tif_Row_301_Col_151.tif,2
Kather_texture_2016_image_tiles_5000/02_STROMA/12DFA_CRC-Prim-HE-09.tif_Row_1_Col_2851.tif,1
Kather_texture_2016_image_tiles_5000/06_MUCOSA/1284B_CRC-Prim-HE-07_001_copy.tif_Row_151_Col_1.tif,5
Kather_texture_2016_image_tiles_5000/03_COMPLEX/18118_CRC-Prim-HE-07_010.tif_Row_1_Col_151.tif,2
Kather_texture_2016_image_tiles_5000/01_TUMOR/16CD7_CRC-Prim-HE-01_041.tif_Row_1_Col_1.tif,0
Kather_texture_2016_image_tiles_5000/07_ADIPOSE/16625_CRC-Prim-HE-03_012.tif_Row_3751_Col_751.tif,6
Kather_texture_2016_image_tiles_5000/05_DEBRIS/11C33_CRC-Prim-HE-03_031.tif_Row_451_Col_301.tif,4
Kather_texture_2016_image_tiles_5000/08_EMPTY/114C3_CRC-Prim-HE-06_005.tif_Row_1051_Col_7951.tif,7
Kather_texture_2016_image_tiles_5000/01_TUMOR/4E0F_CRC-Prim-HE-01_039.tif_Row_1_Col_901.tif,0
Kather_texture_2016_image_tiles_5000/07_ADIPOSE/15F3_CRC-Prim-HE-06_004.tif_Row_2701_Col_1351.tif,6
Kather_texture_2016_image_tiles_5000/04_LYMPHO/10DF4_CRC-Prim-HE-01_007.tif_Row_151_Col_151.tif,3
Kather_texture_2016_image_tiles_5000/06_MUCOSA/112ED_CRC-Prim-HE-09_001.tif_Row_1_Col_1351.tif,5
Kather_texture_2016_image_tiles_5000/02_STROMA/13DD1_CRC-Prim-HE-04.tif_Row_1201_Col_1051.tif,1
Kather_texture_2016_image_tiles_5000/01_TUMOR/16A75_CRC-Prim-HE-02_003b.tif_Row_1_Col_451.tif,0
Kather_texture_2016_image_tiles_5000/02_STROMA/11607_CRC-Prim-HE-07_018.tif_Row_601_Col_151.tif,1
Kather_texture_2016_image_tiles_5000/07_ADIPOSE/127CE_CRC-Prim-HE-03_012.tif_Row_4201_Col_1.tif,6
Kather_texture_2016_image_tiles_5000/05_DEBRIS/5F35_CRC-Prim-HE-08_024.tif_Row_1651_Col_301.tif,4
Kather_texture_2016_image_tiles_5000/07_ADIPOSE/1350B_CRC-Prim-HE-06_004.tif_Row_2101_Col_901.tif,6
Kather_texture_2016_image_tiles_5000/04_LYMPHO/A04E_CRC-Prim-HE-05_004.tif_Row_1_Col_301.tif,3
Kather_texture_2016_image_tiles_5000/04_LYMPHO/10292_CRC-Prim-HE-02_016.tif_Row_1_Col_1.tif,3
Kather_texture_2016_image_tiles_5000/07_ADIPOSE/16AE9_CRC-Prim-HE-06_004.tif_Row_601_Col_151.tif,6
Kather_texture_2016_image_tiles_5000/08_EMPTY/13A0C_CRC-Prim-HE-06_005.tif_Row_1801_Col_3001.tif,7
Kather_texture_2016_image_tiles_5000/06_MUCOSA/10D3_CRC-Prim-HE-08_025.tif_Row_301_Col_1.tif,5
Kather_texture_2016_image_tiles_5000/06_MUCOSA/15147_CRC-Prim-HE-05.tif_Row_1201_Col_1051.tif,5
Kather_texture_2016_image_tiles_5000/05_DEBRIS/1850C_CRC-Prim-HE-04_002.tif_Row_751_Col_1.tif,4
Kather_texture_2016_image_tiles_5000/06_MUCOSA/1464F_CRC-Prim-HE-06_032.tif_Row_301_Col_901.tif,5
Kather_texture_2016_image_tiles_5000/02_STROMA/147DE_CRC-Prim-HE-03_016.tif_Row_601_Col_1.tif,1
Kather_texture_2016_image_tiles_5000/01_TUMOR/1085B_CRC-Prim-HE-02_034.tif_Row_1_Col_301.tif,0
Kather_texture_2016_image_tiles_5000/02_STROMA/12C26_CRC-Prim-HE-04_013.tif_Row_751_Col_1.tif,1
Kather_texture_2016_image_tiles_5000/07_ADIPOSE/14406_CRC-Prim-HE-03_012.tif_Row_151_Col_151.tif,6
Kather_texture_2016_image_tiles_5000/08_EMPTY/12B65_CRC-Prim-HE-10_026.tif_Row_3751_Col_451.tif,7
Kather_texture_2016_image_tiles_5000/04_LYMPHO/11510_CRC-Prim-HE-02_002.tif_Row_1_Col_1.tif,3
Kather_texture_2016_image_tiles_5000/04_LYMPHO/E266_CRC-Prim-HE-01_004.tif_Row_1_Col_451.tif,3
Kather_texture_2016_image_tiles_5000/08_EMPTY/11AB_CRC-Prim-HE-06_005.tif_Row_6151_Col_6451.tif,7
Kather_texture_2016_image_tiles_5000/07_ADIPOSE/16D06_CRC-Prim-HE-06_004.tif_Row_751_Col_2551.tif,6
Kather_texture_2016_image_tiles_5000/05_DEBRIS/7B17_CRC-Prim-HE-03_010.tif_Row_451_Col_1051.tif,4
Kather_texture_2016_image_tiles_5000/04_LYMPHO/3AC2_CRC-Prim-HE-05_003.tif_Row_451_Col_601.tif,3
Kather_texture_2016_image_tiles_5000/08_EMPTY/158D8_CRC-Prim-HE-06_005.tif_Row_6001_Col_3901.tif,7
Kather_texture_2016_image_tiles_5000/01_TUMOR/27BE_CRC-Prim-HE-06_016.tif_Row_151_Col_1.tif,0
Kather_texture_2016_image_tiles_5000/08_EMPTY/12B6C_CRC-Prim-HE-06_005.tif_Row_3001_Col_4801.tif,7
Kather_texture_2016_image_tiles_5000/04_LYMPHO/EF2_CRC-Prim-HE-01_004.tif_Row_1051_Col_901.tif,3
Kather_texture_2016_image_tiles_5000/06_MUCOSA/150F7_CRC-Prim-HE-06_032.tif_Row_1351_Col_751.tif,5
Kather_texture_2016_image_tiles_5000/03_COMPLEX/6DC5_CRC-Prim-HE-09_015.tif_Row_1_Col_1.tif,2
Kather_texture_2016_image_tiles_5000/05_DEBRIS/447_CRC-Prim-HE-08_024.tif_Row_1201_Col_301.tif,4
Kather_texture_2016_image_tiles_5000/04_LYMPHO/F864_CRC-Prim-HE-10_011.tif_Row_1_Col_151.tif,3
Kather_texture_2016_image_tiles_5000/08_EMPTY/1309A_CRC-Prim-HE-06_005.tif_Row_4951_Col_6001.tif,7
Kather_texture_2016_image_tiles_5000/06_MUCOSA/12C79_CRC-Prim-HE-05.tif_Row_1051_Col_601.tif,5
Kather_texture_2016_image_tiles_5000/01_TUMOR/15E1F_CRC-Prim-HE-05_013.tif_Row_151_Col_151.tif,0
Kather_texture_2016_image_tiles_5000/05_DEBRIS/182AB_CRC-Prim-HE-05_031.tif_Row_1_Col_1.tif,4
Kather_texture_2016_image_tiles_5000/08_EMPTY/1330_CRC-Prim-HE-10_026.tif_Row_1051_Col_301.tif,7
Kather_texture_2016_image_tiles_5000/08_EMPTY/1474B_CRC-Prim-HE-06_005.tif_Row_4951_Col_3451.tif,7
Kather_texture_2016_image_tiles_5000/02_STROMA/141ED_CRC-Prim-HE-03.tif_Row_1651_Col_151.tif,1
Kather_texture_2016_image_tiles_5000/01_TUMOR/7EC8_CRC-Prim-HE-09_024.tif_Row_601_Col_1.tif,0
Kather_texture_2016_image_tiles_5000/08_EMPTY/11F64_CRC-Prim-HE-06_005.tif_Row_5701_Col_751.tif,7
Kather_texture_2016_image_tiles_5000/02_STROMA/12DFE_CRC-Prim-HE-03.tif_Row_901_Col_1951.tif,1
Kather_texture_2016_image_tiles_5000/02_STROMA/11923_CRC-Prim-HE-06_002.tif_Row_601_Col_1.tif,1
Kather_texture_2016_image_tiles_5000/01_TUMOR/7519_CRC-Prim-HE-06_018.tif_Row_151_Col_151.tif,0
Kather_texture_2016_image_tiles_5000/06_MUCOSA/144B0_CRC-Prim-HE-08_025.tif_Row_1051_Col_151.tif,5
Kather_texture_2016_image_tiles_5000/06_MUCOSA/11F0F_CRC-Prim-HE-06_001.tif_Row_1651_Col_901.tif,5
Kather_texture_2016_image_tiles_5000/06_MUCOSA/168FA_CRC-Prim-HE-06_001.tif_Row_1951_Col_301.tif,5
Kather_texture_2016_image_tiles_5000/04_LYMPHO/16AF0_CRC-Prim-HE-05_003.tif_Row_151_Col_1.tif,3
Kather_texture_2016_image_tiles_5000/05_DEBRIS/38A4_CRC-Prim-HE-08_023.tif_Row_301_Col_1201.tif,4
Kather_texture_2016_image_tiles_5000/06_MUCOSA/16D01_CRC-Prim-HE-05.tif_Row_1651_Col_1351.tif,5
Kather_texture_2016_image_tiles_5000/07_ADIPOSE/1029D_CRC-Prim-HE-06_004.tif_Row_451_Col_1651.tif,6
Kather_texture_2016_image_tiles_5000/01_TUMOR/9C14_CRC-Prim-HE-07_025.tif_Row_151_Col_151.tif,0
Kather_texture_2016_image_tiles_5000/01_TUMOR/5B8C_CRC-Prim-HE-07.tif_Row_151_Col_901.tif,0
Kather_texture_2016_image_tiles_5000/08_EMPTY/10F0_CRC-Prim-HE-06_005.tif_Row_2701_Col_3901.tif,7
Kather_texture_2016_image_tiles_5000/04_LYMPHO/2AC4_CRC-Prim-HE-08_011.tif_Row_151_Col_1.tif,3
Kather_texture_2016_image_tiles_5000/01_TUMOR/4549_CRC-Prim-HE-02_007.tif_Row_151_Col_1.tif,0
Kather_texture_2016_image_tiles_5000/05_DEBRIS/893C_CRC-Prim-HE-04_021.tif_Row_301_Col_151.tif,4
Kather_texture_2016_image_tiles_5000/01_TUMOR/1498A_CRC-Prim-HE-02_007.tif_Row_151_Col_451.tif,0
Kather_texture_2016_image_tiles_5000/03_COMPLEX/12E56_CRC-Prim-HE-05_009a.tif_Row_301_Col_1501.tif,2
Kather_texture_2016_image_tiles_5000/06_MUCOSA/138F3_CRC-Prim-HE-05_030.tif_Row_1351_Col_1051.tif,5
Kather_texture_2016_image_tiles_5000/07_ADIPOSE/12D27_CRC-Prim-HE-03_012.tif_Row_2851_Col_2101.tif,6
Kather_texture_2016_image_tiles_5000/01_TUMOR/A083_CRC-Prim-HE-06_018.tif_Row_301_Col_1.tif,0
Kather_texture_2016_image_tiles_5000/06_MUCOSA/14498_CRC-Prim-HE-06_001.tif_Row_1351_Col_151.tif,5
Kather_texture_2016_image_tiles_5000/08_EMPTY/12380_CRC-Prim-HE-06_005.tif_Row_4651_Col_2401.tif,7
Kather_texture_2016_image_tiles_5000/05_DEBRIS/6B37_CRC-Prim-HE-08_024.tif_Row_1501_Col_301.tif,4
Kather_texture_2016_image_tiles_5000/03_COMPLEX/5A75_CRC-Prim-HE-01_016.tif_Row_1_Col_151.tif,2
Kather_texture_2016_image_tiles_5000/06_MUCOSA/1D7D_CRC-Prim-HE-06_001.tif_Row_901_Col_601.tif,5
Kather_texture_2016_image_tiles_5000/06_MUCOSA/20DA_CRC-Prim-HE-06_032.tif_Row_751_Col_301.tif,5
Kather_texture_2016_image_tiles_5000/07_ADIPOSE/15EAE_CRC-Prim-HE-05_032.tif_Row_1201_Col_1951.tif,6
Kather_texture_2016_image_tiles_5000/05_DEBRIS/17B35_CRC-Prim-HE-03_010.tif_Row_151_Col_601.tif,4
Kather_texture_2016_image_tiles_5000/05_DEBRIS/16059_CRC-Prim-HE-08_023.tif_Row_751_Col_1201.tif,4
Kather_texture_2016_image_tiles_5000/01_TUMOR/A109_CRC-Prim-HE-06_009.tif_Row_1_Col_151.tif,0
Kather_texture_2016_image_tiles_5000/06_MUCOSA/12E55_CRC-Prim-HE-03_006.tif_Row_601_Col_151.tif,5
Kather_texture_2016_image_tiles_5000/03_COMPLEX/1DA3_CRC-Prim-HE-06_028.tif_Row_1_Col_151.tif,2
Kather_texture_2016_image_tiles_5000/05_DEBRIS/11EC0_CRC-Prim-HE-08_021.tif_Row_301_Col_151.tif,4
Kather_texture_2016_image_tiles_5000/03_COMPLEX/181B8_CRC-Prim-HE-05_009a.tif_Row_151_Col_301.tif,2
Kather_texture_2016_image_tiles_5000/05_DEBRIS/11137_CRC-Prim-HE-08_021.tif_Row_1651_Col_301.tif,4
Kather_texture_2016_image_tiles_5000/08_EMPTY/14EA7_CRC-Prim-HE-06_005.tif_Row_4051_Col_7951.tif,7
Kather_texture_2016_image_tiles_5000/05_DEBRIS/5E20_CRC-Prim-HE-08_023.tif_Row_751_Col_1051.tif,4
Kather_texture_2016_image_tiles_5000/08_EMPTY/10939_CRC-Prim-HE-06_005.tif_Row_3451_Col_7201.tif,7
Kather_texture_2016_image_tiles_5000/06_MUCOSA/2C92_CRC-Prim-HE-03_006.tif_Row_751_Col_151.tif,5
Kather_texture_2016_image_tiles_5000/05_DEBRIS/14FF6_CRC-Prim-HE-05_031.tif_Row_301_Col_1051.tif,4
Kather_texture_2016_image_tiles_5000/04_LYMPHO/8D82_CRC-Prim-HE-01_005.tif_Row_301_Col_601.tif,3
Kather_texture_2016_image_tiles_5000/08_EMPTY/12EA4_CRC-Prim-HE-06_005.tif_Row_4201_Col_7351.tif,7
Kather_texture_2016_image_tiles_5000/05_DEBRIS/14A71_CRC-Prim-HE-03_031.tif_Row_301_Col_601.tif,4
Kather_texture_2016_image_tiles_5000/02_STROMA/12B4C_CRC-Prim-HE-02_011.tif_Row_601_Col_451.tif,1
Kather_texture_2016_image_tiles_5000/02_STROMA/13717_CRC-Prim-HE-03_008.tif_Row_1501_Col_1351.tif,1
Kather_texture_2016_image_tiles_5000/04_LYMPHO/195_CRC-Prim-HE-05_022.tif_Row_151_Col_1.tif,3
Kather_texture_2016_image_tiles_5000/07_ADIPOSE/146AC_CRC-Prim-HE-03_012.tif_Row_3151_Col_451.tif,6
Kather_texture_2016_image_tiles_5000/05_DEBRIS/1A18_CRC-Prim-HE-08_021.tif_Row_1351_Col_1201.tif,4
Kather_texture_2016_image_tiles_5000/05_DEBRIS/10EEE_CRC-Prim-HE-06_037.tif_Row_301_Col_301.tif,4
Kather_texture_2016_image_tiles_5000/04_LYMPHO/16B00_CRC-Prim-HE-01_004.tif_Row_1_Col_1201.tif,3
Kather_texture_2016_image_tiles_5000/06_MUCOSA/15F9E_CRC-Prim-HE-03_007.tif_Row_151_Col_151.tif,5
Kather_texture_2016_image_tiles_5000/02_STROMA/14572_CRC-Prim-HE-03.tif_Row_301_Col_901.tif,1
Kather_texture_2016_image_tiles_5000/05_DEBRIS/59AD_CRC-Prim-HE-03_010.tif_Row_451_Col_1351.tif,4
Kather_texture_2016_image_tiles_5000/06_MUCOSA/161FF_CRC-Prim-HE-05.tif_Row_601_Col_901.tif,5
Kather_texture_2016_image_tiles_5000/06_MUCOSA/2E25_CRC-Prim-HE-08_022.tif_Row_751_Col_1801.tif,5
Kather_texture_2016_image_tiles_5000/03_COMPLEX/14E2B_CRC-Prim-HE-05_009a.tif_Row_751_Col_1051.tif,2
Kather_texture_2016_image_tiles_5000/02_STROMA/116E2_CRC-Prim-HE-04.tif_Row_151_Col_2701.tif,1
Kather_texture_2016_image_tiles_5000/08_EMPTY/13A6E_CRC-Prim-HE-06_005.tif_Row_6301_Col_7801.tif,7
Kather_texture_2016_image_tiles_5000/03_COMPLEX/1637F_CRC-Prim-HE-03_033.tif_Row_1_Col_301.tif,2
Kather_texture_2016_image_tiles_5000/04_LYMPHO/48E9_CRC-Prim-HE-05_022.tif_Row_301_Col_301.tif,3
Kather_texture_2016_image_tiles_5000/01_TUMOR/71F0_CRC-Prim-HE-07_023.tif_Row_1_Col_301.tif,0
Kather_texture_2016_image_tiles_5000/07_ADIPOSE/14FBC_CRC-Prim-HE-07.tif_Row_151_Col_3001.tif,6
Kather_texture_2016_image_tiles_5000/07_ADIPOSE/13464_CRC-Prim-HE-06_004.tif_Row_451_Col_451.tif,6
Kather_texture_2016_image_tiles_5000/03_COMPLEX/159AB_CRC-Prim-HE-05_009a.tif_Row_1_Col_1351.tif,2
Kather_texture_2016_image_tiles_5000/08_EMPTY/103DB_CRC-Prim-HE-06_005.tif_Row_1651_Col_6751.tif,7
Kather_texture_2016_image_tiles_5000/05_DEBRIS/5434_CRC-Prim-HE-04_002.tif_Row_451_Col_1351.tif,4
Kather_texture_2016_image_tiles_5000/01_TUMOR/12F03_CRC-Prim-HE-10_027.tif_Row_1_Col_1.tif,0
Kather_texture_2016_image_tiles_5000/01_TUMOR/952D_CRC-Prim-HE-02_024.tif_Row_301_Col_301.tif,0
Kather_texture_2016_image_tiles_5000/02_STROMA/10A8E_CRC-Prim-HE-07_026.tif_Row_751_Col_601.tif,1
Kather_texture_2016_image_tiles_5000/03_COMPLEX/10E64_CRC-Prim-HE-03_002.tif_Row_901_Col_2401.tif,2
Kather_texture_2016_image_tiles_5000/08_EMPTY/103C7_CRC-Prim-HE-06_005.tif_Row_1351_Col_7651.tif,7
Kather_texture_2016_image_tiles_5000/02_STROMA/102DF_CRC-Prim-HE-04.tif_Row_1651_Col_1351.tif,1
Kather_texture_2016_image_tiles_5000/07_ADIPOSE/1015_CRC-Prim-HE-10_020.tif_Row_601_Col_601.tif,6
Kather_texture_2016_image_tiles_5000/01_TUMOR/127A5_CRC-Prim-HE-02_024.tif_Row_151_Col_301.tif,0
Kather_texture_2016_image_tiles_5000/02_STROMA/13104_CRC-Prim-HE-06_003.tif_Row_901_Col_1.tif,1
Kather_texture_2016_image_tiles_5000/05_DEBRIS/10E82_CRC-Prim-HE-08_021.tif_Row_451_Col_901.tif,4
Kather_texture_2016_image_tiles_5000/05_DEBRIS/78FD_CRC-Prim-HE-08_021.tif_Row_1651_Col_1201.tif,4
Kather_texture_2016_image_tiles_5000/06_MUCOSA/15C7D_CRC-Prim-HE-07_001.tif_Row_301_Col_601.tif,5
Kather_texture_2016_image_tiles_5000/08_EMPTY/13FF9_CRC-Prim-HE-06_005.tif_Row_1501_Col_4051.tif,7
Kather_texture_2016_image_tiles_5000/05_DEBRIS/7ADC_CRC-Prim-HE-04_001.tif_Row_1_Col_301.tif,4
Kather_texture_2016_image_tiles_5000/03_COMPLEX/5C6A_CRC-Prim-HE-01_034.tif_Row_151_Col_1.tif,2
Kather_texture_2016_image_tiles_5000/03_COMPLEX/124A1_CRC-Prim-HE-05_002a.tif_Row_451_Col_1.tif,2
Kather_texture_2016_image_tiles_5000/03_COMPLEX/16799_CRC-Prim-HE-07_019.tif_Row_1051_Col_301.tif,2
Kather_texture_2016_image_tiles_5000/05_DEBRIS/1415D_CRC-Prim-HE-09_018.tif_Row_1_Col_1201.tif,4
Kather_texture_2016_image_tiles_5000/03_COMPLEX/17810_CRC-Prim-HE-07_011.tif_Row_151_Col_151.tif,2
Kather_texture_2016_image_tiles_5000/03_COMPLEX/1133E_CRC-Prim-HE-06_006.tif_Row_451_Col_1201.tif,2
Kather_texture_2016_image_tiles_5000/07_ADIPOSE/13D1_CRC-Prim-HE-07.tif_Row_751_Col_1801.tif,6
Kather_texture_2016_image_tiles_5000/01_TUMOR/6465_CRC-Prim-HE-08_007.tif_Row_451_Col_151.tif,0
Kather_texture_2016_image_tiles_5000/07_ADIPOSE/13FB2_CRC-Prim-HE-06_004.tif_Row_1651_Col_2701.tif,6
Kather_texture_2016_image_tiles_5000/04_LYMPHO/56F_CRC-Prim-HE-05_010.tif_Row_451_Col_151.tif,3
Kather_texture_2016_image_tiles_5000/05_DEBRIS/1107E_CRC-Prim-HE-08_021.tif_Row_1651_Col_751.tif,4
Kather_texture_2016_image_tiles_5000/08_EMPTY/10AA3_CRC-Prim-HE-06_005.tif_Row_1201_Col_4051.tif,7
Kather_texture_2016_image_tiles_5000/03_COMPLEX/10F5B_CRC-Prim-HE-08_013.tif_Row_301_Col_151.tif,2
Kather_texture_2016_image_tiles_5000/02_STROMA/1050F_CRC-Prim-HE-03.tif_Row_451_Col_1651.tif,1
Kather_texture_2016_image_tiles_5000/03_COMPLEX/42F7_CRC-Prim-HE-07_003.tif_Row_1_Col_1201.tif,2
Kather_texture_2016_image_tiles_5000/05_DEBRIS/10288_CRC-Prim-HE-08_024.tif_Row_601_Col_301.tif,4
Kather_texture_2016_image_tiles_5000/05_DEBRIS/10042_CRC-Prim-HE-01_023.tif_Row_1_Col_601.tif,4
Kather_texture_2016_image_tiles_5000/07_ADIPOSE/100AC_CRC-Prim-HE-06_004.tif_Row_451_Col_1.tif,6
Kather_texture_2016_image_tiles_5000/08_EMPTY/141D9_CRC-Prim-HE-06_005.tif_Row_1951_Col_6151.tif,7
Kather_texture_2016_image_tiles_5000/05_DEBRIS/10BB3_CRC-Prim-HE-06_037.tif_Row_601_Col_151.tif,4
Kather_texture_2016_image_tiles_5000/08_EMPTY/141B7_CRC-Prim-HE-06_005.tif_Row_1351_Col_3001.tif,7
Kather_texture_2016_image_tiles_5000/05_DEBRIS/10636_CRC-Prim-HE-04_021.tif_Row_1_Col_1.tif,4
Kather_texture_2016_image_tiles_5000/07_ADIPOSE/15E6C_CRC-Prim-HE-05_032.tif_Row_1201_Col_3001.tif,6
Kather_texture_2016_image_tiles_5000/07_ADIPOSE/1378C_CRC-Prim-HE-03_012.tif_Row_2101_Col_601.tif,6
Kather_texture_2016_image_tiles_5000/01_TUMOR/9D87_CRC-Prim-HE-09_025.tif_Row_151_Col_1.tif,0
Kather_texture_2016_image_tiles_5000/07_ADIPOSE/1602A_CRC-Prim-HE-07.tif_Row_451_Col_3001.tif,6
Kather_texture_2016_image_tiles_5000/06_MUCOSA/11D40_CRC-Prim-HE-06_035.tif_Row_1201_Col_451.tif,5
Kather_texture_2016_image_tiles_5000/04_LYMPHO/C4AE_CRC-Prim-HE-02.tif_Row_151_Col_451.tif,3
Kather_texture_2016_image_tiles_5000/08_EMPTY/150F7_CRC-Prim-HE-06_005.tif_Row_3001_Col_7051.tif,7
Kather_texture_2016_image_tiles_5000/03_COMPLEX/3A6D_CRC-Prim-HE-05_009a.tif_Row_601_Col_1051.tif,2
Kather_texture_2016_image_tiles_5000/08_EMPTY/132D2_CRC-Prim-HE-10_026.tif_Row_2401_Col_151.tif,7
Kather_texture_2016_image_tiles_5000/02_STROMA/100C9_CRC-Prim-HE-05_002b.tif_Row_1501_Col_301.tif,1
Kather_texture_2016_image_tiles_5000/06_MUCOSA/11B08_CRC-Prim-HE-05_001.tif_Row_1_Col_1051.tif,5
Kather_texture_2016_image_tiles_5000/08_EMPTY/1031E_CRC-Prim-HE-06_005.tif_Row_5851_Col_751.tif,7
Kather_texture_2016_image_tiles_5000/03_COMPLEX/100EB_CRC-Prim-HE-07_017.tif_Row_1_Col_451.tif,2
Kather_texture_2016_image_tiles_5000/07_ADIPOSE/11376_CRC-Prim-HE-07.tif_Row_1201_Col_3901.tif,6
Kather_texture_2016_image_tiles_5000/01_TUMOR/2B67_CRC-Prim-HE-04_033.tif_Row_751_Col_1.tif,0
Kather_texture_2016_image_tiles_5000/02_STROMA/11162_CRC-Prim-HE-06_002.tif_Row_301_Col_1501.tif,1
Kather_texture_2016_image_tiles_5000/03_COMPLEX/16A4B_CRC-Prim-HE-03_033.tif_Row_301_Col_301.tif,2
Kather_texture_2016_image_tiles_5000/06_MUCOSA/172A_CRC-Prim-HE-03_006.tif_Row_901_Col_1501.tif,5
Kather_texture_2016_image_tiles_5000/02_STROMA/128B_CRC-Prim-HE-04_013.tif_Row_3301_Col_151.tif,1
Kather_texture_2016_image_tiles_5000/07_ADIPOSE/1277B_CRC-Prim-HE-05_032.tif_Row_1801_Col_601.tif,6
Kather_texture_2016_image_tiles_5000/02_STROMA/12EDF_CRC-Prim-HE-04.tif_Row_1951_Col_2551.tif,1
Kather_texture_2016_image_tiles_5000/07_ADIPOSE/12BD2_CRC-Prim-HE-10_020.tif_Row_1051_Col_1051.tif,6
Kather_texture_2016_image_tiles_5000/02_STROMA/14621_CRC-Prim-HE-01_019.tif_Row_601_Col_751.tif,1
Kather_texture_2016_image_tiles_5000/08_EMPTY/133F2_CRC-Prim-HE-06_005.tif_Row_1051_Col_3601.tif,7
Kather_texture_2016_image_tiles_5000/07_ADIPOSE/14CB7_CRC-Prim-HE-05_032.tif_Row_301_Col_3151.tif,6
Kather_texture_2016_image_tiles_5000/01_TUMOR/36F9_CRC-Prim-HE-07.tif_Row_1_Col_601.tif,0
Kather_texture_2016_image_tiles_5000/04_LYMPHO/125B5_CRC-Prim-HE-01_006b.tif_Row_151_Col_1.tif,3
Kather_texture_2016_image_tiles_5000/06_MUCOSA/16291_CRC-Prim-HE-06_032.tif_Row_1201_Col_1.tif,5
Kather_texture_2016_image_tiles_5000/04_LYMPHO/11C89_CRC-Prim-HE-01_004.tif_Row_1_Col_601.tif,3
Kather_texture_2016_image_tiles_5000/06_MUCOSA/136EE_CRC-Prim-HE-06_032.tif_Row_901_Col_751.tif,5
Kather_texture_2016_image_tiles_5000/02_STROMA/14369_CRC-Prim-HE-03_008.tif_Row_1_Col_451.tif,1
Kather_texture_2016_image_tiles_5000/08_EMPTY/14375_CRC-Prim-HE-06_005.tif_Row_5701_Col_901.tif,7
Kather_texture_2016_image_tiles_5000/02_STROMA/11F1F_CRC-Prim-HE-03_003.tif_Row_301_Col_301.tif,1
Kather_texture_2016_image_tiles_5000/05_DEBRIS/23D0_CRC-Prim-HE-04_002.tif_Row_301_Col_601.tif,4
Kather_texture_2016_image_tiles_5000/04_LYMPHO/55CA_CRC-Prim-HE-01_006b.tif_Row_151_Col_601.tif,3
Kather_texture_2016_image_tiles_5000/04_LYMPHO/10DF6_CRC-Prim-HE-05_003.tif_Row_301_Col_601.tif,3
Kather_texture_2016_image_tiles_5000/07_ADIPOSE/15075_CRC-Prim-HE-05_032.tif_Row_751_Col_4801.tif,6
Kather_texture_2016_image_tiles_5000/07_ADIPOSE/1649F_CRC-Prim-HE-03_012.tif_Row_2701_Col_1351.tif,6
Kather_texture_2016_image_tiles_5000/06_MUCOSA/123AA_CRC-Prim-HE-06_033.tif_Row_1051_Col_601.tif,5
Kather_texture_2016_image_tiles_5000/01_TUMOR/14A2B_CRC-Prim-HE-02_007b.tif_Row_151_Col_301.tif,0
Kather_texture_2016_image_tiles_5000/07_ADIPOSE/15ED6_CRC-Prim-HE-05_032.tif_Row_601_Col_4951.tif,6
Kather_texture_2016_image_tiles_5000/06_MUCOSA/16C14_CRC-Prim-HE-03_006.tif_Row_1501_Col_1051.tif,5
Kather_texture_2016_image_tiles_5000/05_DEBRIS/172D2_CRC-Prim-HE-04_020.tif_Row_1_Col_1.tif,4
Kather_texture_2016_image_tiles_5000/06_MUCOSA/126F2_CRC-Prim-HE-07_001.tif_Row_451_Col_1051.tif,5
Kather_texture_2016_image_tiles_5000/04_LYMPHO/167ED_CRC-Prim-HE-09_013.tif_Row_301_Col_151.tif,3
Kather_texture_2016_image_tiles_5000/04_LYMPHO/114D_CRC-Prim-HE-05_003.tif_Row_451_Col_751.tif,3
Kather_texture_2016_image_tiles_5000/06_MUCOSA/33BA_CRC-Prim-HE-05.tif_Row_301_Col_601.tif,5
Kather_texture_2016_image_tiles_5000/04_LYMPHO/7BAA_CRC-Prim-HE-05_004.tif_Row_151_Col_751.tif,3
Kather_texture_2016_image_tiles_5000/06_MUCOSA/17778_CRC-Prim-HE-05.tif_Row_2701_Col_151.tif,5
Kather_texture_2016_image_tiles_5000/05_DEBRIS/1148A_CRC-Prim-HE-08_021.tif_Row_1201_Col_451.tif,4
Kather_texture_2016_image_tiles_5000/06_MUCOSA/1235A_CRC-Prim-HE-09_001.tif_Row_301_Col_601.tif,5
Kather_texture_2016_image_tiles_5000/05_DEBRIS/14655_CRC-Prim-HE-05_031.tif_Row_301_Col_1201.tif,4
Kather_texture_2016_image_tiles_5000/02_STROMA/1186E_CRC-Prim-HE-03_008.tif_Row_1951_Col_451.tif,1
Kather_texture_2016_image_tiles_5000/02_STROMA/13E0B_CRC-Prim-HE-02_029.tif_Row_1051_Col_451.tif,1
Kather_texture_2016_image_tiles_5000/07_ADIPOSE/16D7C_CRC-Prim-HE-07.tif_Row_601_Col_2401.tif,6
Kather_texture_2016_image_tiles_5000/04_LYMPHO/117BF_CRC-Prim-HE-05_003.tif_Row_151_Col_1051.tif,3
Kather_texture_2016_image_tiles_5000/05_DEBRIS/16DDE_CRC-Prim-HE-04_002.tif_Row_751_Col_151.tif,4
Kather_texture_2016_image_tiles_5000/05_DEBRIS/10D1_CRC-Prim-HE-03_014.tif_Row_151_Col_1201.tif,4
Kather_texture_2016_image_tiles_5000/03_COMPLEX/3138_CRC-Prim-HE-07_003.tif_Row_1_Col_151.tif,2
Kather_texture_2016_image_tiles_5000/06_MUCOSA/11350_CRC-Prim-HE-09_001.tif_Row_1651_Col_901.tif,5
Kather_texture_2016_image_tiles_5000/01_TUMOR/176B9_CRC-Prim-HE-02_028.tif_Row_1_Col_1.tif,0
Kather_texture_2016_image_tiles_5000/06_MUCOSA/16B56_CRC-Prim-HE-06_001.tif_Row_1801_Col_601.tif,5
Kather_texture_2016_image_tiles_5000/04_LYMPHO/923A_CRC-Prim-HE-09_019.tif_Row_751_Col_151.tif,3
Kather_texture_2016_image_tiles_5000/03_COMPLEX/16D61_CRC-Prim-HE-07_029.tif_Row_301_Col_151.tif,2
Kather_texture_2016_image_tiles_5000/01_TUMOR/8965_CRC-Prim-HE-09_009.tif_Row_1_Col_151.tif,0
Kather_texture_2016_image_tiles_5000/07_ADIPOSE/13A37_CRC-Prim-HE-05_032.tif_Row_1651_Col_1501.tif,6
Kather_texture_2016_image_tiles_5000/08_EMPTY/11E3C_CRC-Prim-HE-06_005.tif_Row_5551_Col_7501.tif,7
Kather_texture_2016_image_tiles_5000/03_COMPLEX/776F_CRC-Prim-HE-03_002.tif_Row_301_Col_901.tif,2
Kather_texture_2016_image_tiles_5000/03_COMPLEX/11496_CRC-Prim-HE-01_036.tif_Row_151_Col_301.tif,2
Kather_texture_2016_image_tiles_5000/05_DEBRIS/16516_CRC-Prim-HE-04_002.tif_Row_301_Col_301.tif,4
Kather_texture_2016_image_tiles_5000/01_TUMOR/480_CRC-Prim-HE-05_024.tif_Row_151_Col_1.tif,0
Kather_texture_2016_image_tiles_5000/01_TUMOR/38A7_CRC-Prim-HE-02_009.tif_Row_1_Col_301.tif,0
Kather_texture_2016_image_tiles_5000/05_DEBRIS/32FB_CRC-Prim-HE-04_002.tif_Row_301_Col_1051.tif,4
Kather_texture_2016_image_tiles_5000/04_LYMPHO/F245_CRC-Prim-HE-09_019.tif_Row_151_Col_151.tif,3
Kather_texture_2016_image_tiles_5000/08_EMPTY/1156C_CRC-Prim-HE-06_005.tif_Row_2251_Col_4501.tif,7
Kather_texture_2016_image_tiles_5000/05_DEBRIS/11C44_CRC-Prim-HE-08_021.tif_Row_1501_Col_601.tif,4
Kather_texture_2016_image_tiles_5000/08_EMPTY/12EDA_CRC-Prim-HE-06_005.tif_Row_4801_Col_5701.tif,7
Kather_texture_2016_image_tiles_5000/01_TUMOR/98F7_CRC-Prim-HE-02_004.tif_Row_151_Col_1.tif,0
Kather_texture_2016_image_tiles_5000/01_TUMOR/13314_CRC-Prim-HE-09_026.tif_Row_151_Col_1.tif,0
Kather_texture_2016_image_tiles_5000/05_DEBRIS/1427E_CRC-Prim-HE-07_002.tif_Row_1_Col_1.tif,4
Kather_texture_2016_image_tiles_5000/05_DEBRIS/16350_CRC-Prim-HE-06_037.tif_Row_1_Col_151.tif,4
Kather_texture_2016_image_tiles_5000/02_STROMA/1259E_CRC-Prim-HE-01_018.tif_Row_451_Col_601.tif,1
Kather_texture_2016_image_tiles_5000/01_TUMOR/894B_CRC-Prim-HE-07_023.tif_Row_451_Col_301.tif,0
Kather_texture_2016_image_tiles_5000/03_COMPLEX/17807_CRC-Prim-HE-09_015.tif_Row_301_Col_301.tif,2
Kather_texture_2016_image_tiles_5000/07_ADIPOSE/16835_CRC-Prim-HE-10_020.tif_Row_751_Col_1.tif,6
Kather_texture_2016_image_tiles_5000/05_DEBRIS/1008B_CRC-Prim-HE-08_021.tif_Row_1651_Col_1051.tif,4
Kather_texture_2016_image_tiles_5000/04_LYMPHO/9715_CRC-Prim-HE-01.tif_Row_1_Col_1.tif,3
Kather_texture_2016_image_tiles_5000/01_TUMOR/40E1_CRC-Prim-HE-09_011.tif_Row_301_Col_301.tif,0
Kather_texture_2016_image_tiles_5000/06_MUCOSA/15329_CRC-Prim-HE-08_022.tif_Row_751_Col_1351.tif,5
Kather_texture_2016_image_tiles_5000/04_LYMPHO/3633_CRC-Prim-HE-05_023.tif_Row_151_Col_151.tif,3
Kather_texture_2016_image_tiles_5000/02_STROMA/14180_CRC-Prim-HE-03.tif_Row_1351_Col_1651.tif,1
Kather_texture_2016_image_tiles_5000/07_ADIPOSE/10908_CRC-Prim-HE-03_012.tif_Row_2551_Col_1201.tif,6
Kather_texture_2016_image_tiles_5000/08_EMPTY/10769_CRC-Prim-HE-06_005.tif_Row_4501_Col_3451.tif,7
Kather_texture_2016_image_tiles_5000/07_ADIPOSE/12C9B_CRC-Prim-HE-07.tif_Row_1_Col_3151.tif,6
Kather_texture_2016_image_tiles_5000/05_DEBRIS/134DF_CRC-Prim-HE-08_024.tif_Row_751_Col_451.tif,4
Kather_texture_2016_image_tiles_5000/05_DEBRIS/4D5E_CRC-Prim-HE-08_023.tif_Row_451_Col_301.tif,4
Kather_texture_2016_image_tiles_5000/06_MUCOSA/1087F_CRC-Prim-HE-09_001.tif_Row_1201_Col_1201.tif,5
Kather_texture_2016_image_tiles_5000/03_COMPLEX/147C6_CRC-Prim-HE-10_004.tif_Row_151_Col_151.tif,2
Kather_texture_2016_image_tiles_5000/03_COMPLEX/1180D_CRC-Prim-HE-09_015.tif_Row_151_Col_1.tif,2
Kather_texture_2016_image_tiles_5000/06_MUCOSA/303D_CRC-Prim-HE-03_006.tif_Row_1201_Col_901.tif,5
Kather_texture_2016_image_tiles_5000/08_EMPTY/142E1_CRC-Prim-HE-10_026.tif_Row_3751_Col_601.tif,7
Kather_texture_2016_image_tiles_5000/03_COMPLEX/789D_CRC-Prim-HE-05_009a.tif_Row_451_Col_451.tif,2
Kather_texture_2016_image_tiles_5000/08_EMPTY/1411C_CRC-Prim-HE-06_005.tif_Row_5701_Col_4201.tif,7
Kather_texture_2016_image_tiles_5000/05_DEBRIS/5FB2_CRC-Prim-HE-07_002.tif_Row_901_Col_151.tif,4
Kather_texture_2016_image_tiles_5000/05_DEBRIS/17D8A_CRC-Prim-HE-07_002.tif_Row_151_Col_1351.tif,4
Kather_texture_2016_image_tiles_5000/06_MUCOSA/15FE5_CRC-Prim-HE-03_006.tif_Row_1_Col_1.tif,5
Kather_texture_2016_image_tiles_5000/04_LYMPHO/6296_CRC-Prim-HE-02_001b.tif_Row_301_Col_1.tif,3
Kather_texture_2016_image_tiles_5000/03_COMPLEX/4EB5_CRC-Prim-HE-05_002a.tif_Row_451_Col_301.tif,2
Kather_texture_2016_image_tiles_5000/04_LYMPHO/6BE_CRC-Prim-HE-01_004.tif_Row_901_Col_751.tif,3
Kather_texture_2016_image_tiles_5000/08_EMPTY/11020_CRC-Prim-HE-10_026.tif_Row_3301_Col_301.tif,7
Kather_texture_2016_image_tiles_5000/01_TUMOR/2181_CRC-Prim-HE-07_025.tif_Row_151_Col_601.tif,0
Kather_texture_2016_image_tiles_5000/02_STROMA/143DF_CRC-Prim-HE-08_012.tif_Row_1_Col_451.tif,1
Kather_texture_2016_image_tiles_5000/08_EMPTY/13FAC_CRC-Prim-HE-06_005.tif_Row_301_Col_301.tif,7
Kather_texture_2016_image_tiles_5000/03_COMPLEX/12776_CRC-Prim-HE-03_033.tif_Row_451_Col_301.tif,2
Kather_texture_2016_image_tiles_5000/03_COMPLEX/736F_CRC-Prim-HE-07_003.tif_Row_151_Col_1351.tif,2
Kather_texture_2016_image_tiles_5000/01_TUMOR/6003_CRC-Prim-HE-06_008.tif_Row_151_Col_1.tif,0
Kather_texture_2016_image_tiles_5000/01_TUMOR/74BB_CRC-Prim-HE-07_023.tif_Row_451_Col_151.tif,0
Kather_texture_2016_image_tiles_5000/05_DEBRIS/81DC_CRC-Prim-HE-08_021.tif_Row_1351_Col_901.tif,4
Kather_texture_2016_image_tiles_5000/06_MUCOSA/1888_CRC-Prim-HE-09_001.tif_Row_1801_Col_751.tif,5
Kather_texture_2016_image_tiles_5000/01_TUMOR/16E99_CRC-Prim-HE-09_010.tif_Row_1_Col_601.tif,0
Kather_texture_2016_image_tiles_5000/06_MUCOSA/16D59_CRC-Prim-HE-08_022.tif_Row_451_Col_751.tif,5
Kather_texture_2016_image_tiles_5000/08_EMPTY/1329F_CRC-Prim-HE-06_005.tif_Row_2251_Col_2551.tif,7
Kather_texture_2016_image_tiles_5000/08_EMPTY/10F68_CRC-Prim-HE-06_005.tif_Row_751_Col_451.tif,7
Kather_texture_2016_image_tiles_5000/05_DEBRIS/16595_CRC-Prim-HE-10_018.tif_Row_151_Col_151.tif,4
Kather_texture_2016_image_tiles_5000/02_STROMA/12E49_CRC-Prim-HE-04.tif_Row_1201_Col_3451.tif,1
Kather_texture_2016_image_tiles_5000/04_LYMPHO/DF8_CRC-Prim-HE-09_005.tif_Row_301_Col_151.tif,3
Kather_texture_2016_image_tiles_5000/06_MUCOSA/319A_CRC-Prim-HE-03_006.tif_Row_1501_Col_1351.tif,5
Kather_texture_2016_image_tiles_5000/04_LYMPHO/387F_CRC-Prim-HE-01b.tif_Row_151_Col_151.tif,3
Kather_texture_2016_image_tiles_5000/02_STROMA/11D49_CRC-Prim-HE-04_007.tif_Row_1_Col_1.tif,1
Kather_texture_2016_image_tiles_5000/01_TUMOR/2484_CRC-Prim-HE-05_007.tif_Row_1_Col_151.tif,0
Kather_texture_2016_image_tiles_5000/01_TUMOR/8BB9_CRC-Prim-HE-08_001.tif_Row_151_Col_601.tif,0
Kather_texture_2016_image_tiles_5000/02_STROMA/1362_CRC-Prim-HE-03.tif_Row_451_Col_601.tif,1
Kather_texture_2016_image_tiles_5000/06_MUCOSA/17DD2_CRC-Prim-HE-08_022.tif_Row_151_Col_301.tif,5
Kather_texture_2016_image_tiles_5000/05_DEBRIS/5717_CRC-Prim-HE-10_018.tif_Row_151_Col_1.tif,4
Kather_texture_2016_image_tiles_5000/07_ADIPOSE/15FCD_CRC-Prim-HE-03_012.tif_Row_3001_Col_2851.tif,6
Kather_texture_2016_image_tiles_5000/07_ADIPOSE/12AE_CRC-Prim-HE-03_012.tif_Row_2101_Col_1651.tif,6
Kather_texture_2016_image_tiles_5000/08_EMPTY/11928_CRC-Prim-HE-06_005.tif_Row_4201_Col_4051.tif,7
Kather_texture_2016_image_tiles_5000/02_STROMA/12C60_CRC-Prim-HE-04.tif_Row_751_Col_3151.tif,1
Kather_texture_2016_image_tiles_5000/08_EMPTY/135EC_CRC-Prim-HE-06_005.tif_Row_601_Col_6301.tif,7
Kather_texture_2016_image_tiles_5000/02_STROMA/1370D_CRC-Prim-HE-01_050.tif_Row_901_Col_151.tif,1
Kather_texture_2016_image_tiles_5000/03_COMPLEX/13FBF_CRC-Prim-HE-03_002.tif_Row_601_Col_451.tif,2
Kather_texture_2016_image_tiles_5000/05_DEBRIS/15524_CRC-Prim-HE-03_010.tif_Row_601_Col_1.tif,4
Kather_texture_2016_image_tiles_5000/06_MUCOSA/145F_CRC-Prim-HE-07_001.tif_Row_451_Col_601.tif,5
Kather_texture_2016_image_tiles_5000/05_DEBRIS/1070A_CRC-Prim-HE-08_023.tif_Row_1_Col_151.tif,4
Kather_texture_2016_image_tiles_5000/02_STROMA/1221A_CRC-Prim-HE-08_004.tif_Row_901_Col_1.tif,1
Kather_texture_2016_image_tiles_5000/06_MUCOSA/184FA_CRC-Prim-HE-05.tif_Row_751_Col_1501.tif,5
Kather_texture_2016_image_tiles_5000/03_COMPLEX/3AF0_CRC-Prim-HE-07_017.tif_Row_301_Col_1.tif,2
Kather_texture_2016_image_tiles_5000/03_COMPLEX/13845_CRC-Prim-HE-10_003.tif_Row_151_Col_151.tif,2
Kather_texture_2016_image_tiles_5000/04_LYMPHO/364F_CRC-Prim-HE-09_013.tif_Row_451_Col_301.tif,3
Kather_texture_2016_image_tiles_5000/05_DEBRIS/172BE_CRC-Prim-HE-08_021.tif_Row_151_Col_1651.tif,4
Kather_texture_2016_image_tiles_5000/04_LYMPHO/117AC_CRC-Prim-HE-05_003.tif_Row_451_Col_151.tif,3
Kather_texture_2016_image_tiles_5000/04_LYMPHO/B446_CRC-Prim-HE-05_003.tif_Row_1_Col_1951.tif,3
Kather_texture_2016_image_tiles_5000/04_LYMPHO/4B5B_CRC-Prim-HE-02_002b.tif_Row_1_Col_451.tif,3
Kather_texture_2016_image_tiles_5000/02_STROMA/147E7_CRC-Prim-HE-04.tif_Row_1501_Col_151.tif,1
Kather_texture_2016_image_tiles_5000/07_ADIPOSE/15B72_CRC-Prim-HE-03_012.tif_Row_2251_Col_2401.tif,6
Kather_texture_2016_image_tiles_5000/07_ADIPOSE/16E08_CRC-Prim-HE-06_004.tif_Row_1651_Col_2251.tif,6
Kather_texture_2016_image_tiles_5000/02_STROMA/12A69_CRC-Prim-HE-03_030.tif_Row_601_Col_1.tif,1
Kather_texture_2016_image_tiles_5000/02_STROMA/12E57_CRC-Prim-HE-10_019.tif_Row_301_Col_2101.tif,1
Kather_texture_2016_image_tiles_5000/08_EMPTY/102B_CRC-Prim-HE-06_005.tif_Row_1951_Col_601.tif,7
Kather_texture_2016_image_tiles_5000/06_MUCOSA/172DF_CRC-Prim-HE-06_035.tif_Row_1201_Col_301.tif,5
Kather_texture_2016_image_tiles_5000/06_MUCOSA/15C_CRC-Prim-HE-03_006.tif_Row_1_Col_901.tif,5
Kather_texture_2016_image_tiles_5000/08_EMPTY/104B2_CRC-Prim-HE-06_005.tif_Row_4201_Col_4951.tif,7
Kather_texture_2016_image_tiles_5000/04_LYMPHO/547C_CRC-Prim-HE-09_005.tif_Row_301_Col_1.tif,3
Kather_texture_2016_image_tiles_5000/01_TUMOR/15C75_CRC-Prim-HE-04_029.tif_Row_151_Col_451.tif,0
Kather_texture_2016_image_tiles_5000/08_EMPTY/10552_CRC-Prim-HE-06_005.tif_Row_6151_Col_6151.tif,7
Kather_texture_2016_image_tiles_5000/04_LYMPHO/2587_CRC-Prim-HE-02.tif_Row_1_Col_451.tif,3
Kather_texture_2016_image_tiles_5000/01_TUMOR/1618A_CRC-Prim-HE-07_025.tif_Row_751_Col_301.tif,0
Kather_texture_2016_image_tiles_5000/07_ADIPOSE/143_CRC-Prim-HE-07.tif_Row_751_Col_1501.tif,6
Kather_texture_2016_image_tiles_5000/07_ADIPOSE/10A0_CRC-Prim-HE-05_032.tif_Row_1051_Col_1501.tif,6
Kather_texture_2016_image_tiles_5000/03_COMPLEX/54D8_CRC-Prim-HE-01_034.tif_Row_1_Col_151.tif,2
Kather_texture_2016_image_tiles_5000/05_DEBRIS/1703B_CRC-Prim-HE-09_003.tif_Row_1_Col_301.tif,4
Kather_texture_2016_image_tiles_5000/01_TUMOR/21BB_CRC-Prim-HE-08_003.tif_Row_151_Col_1.tif,0
Kather_texture_2016_image_tiles_5000/04_LYMPHO/15556_CRC-Prim-HE-05_003.tif_Row_301_Col_301.tif,3
Kather_texture_2016_image_tiles_5000/08_EMPTY/13A5B_CRC-Prim-HE-10_026.tif_Row_1651_Col_451.tif,7
Kather_texture_2016_image_tiles_5000/08_EMPTY/130FF_CRC-Prim-HE-06_005.tif_Row_4051_Col_3001.tif,7
Kather_texture_2016_image_tiles_5000/07_ADIPOSE/125EE_CRC-Prim-HE-03_012.tif_Row_4051_Col_601.tif,6
Kather_texture_2016_image_tiles_5000/07_ADIPOSE/115C_CRC-Prim-HE-06_004.tif_Row_1651_Col_1351.tif,6
Kather_texture_2016_image_tiles_5000/06_MUCOSA/15DE1_CRC-Prim-HE-08_022.tif_Row_751_Col_1501.tif,5
Kather_texture_2016_image_tiles_5000/01_TUMOR/6518_CRC-Prim-HE-05_024.tif_Row_1_Col_451.tif,0
Kather_texture_2016_image_tiles_5000/01_TUMOR/11C29_CRC-Prim-HE-07_023.tif_Row_301_Col_1.tif,0
Kather_texture_2016_image_tiles_5000/03_COMPLEX/10B83_CRC-Prim-HE-03_002.tif_Row_751_Col_1501.tif,2
Kather_texture_2016_image_tiles_5000/02_STROMA/103F4_CRC-Prim-HE-02_015.tif_Row_1_Col_1951.tif,1
Kather_texture_2016_image_tiles_5000/04_LYMPHO/808F_CRC-Prim-HE-05_003.tif_Row_151_Col_601.tif,3
Kather_texture_2016_image_tiles_5000/04_LYMPHO/A263_CRC-Prim-HE-04_031.tif_Row_451_Col_1.tif,3
Kather_texture_2016_image_tiles_5000/04_LYMPHO/161E4_CRC-Prim-HE-09_005.tif_Row_151_Col_151.tif,3
Kather_texture_2016_image_tiles_5000/08_EMPTY/104E8_CRC-Prim-HE-06_005.tif_Row_3601_Col_751.tif,7
Kather_texture_2016_image_tiles_5000/03_COMPLEX/7174_CRC-Prim-HE-06_024.tif_Row_1_Col_1.tif,2
Kather_texture_2016_image_tiles_5000/04_LYMPHO/10A01_CRC-Prim-HE-01_004b.tif_Row_151_Col_1.tif,3
Kather_texture_2016_image_tiles_5000/03_COMPLEX/5EED_CRC-Prim-HE-09_015.tif_Row_601_Col_301.tif,2
Kather_texture_2016_image_tiles_5000/08_EMPTY/13013_CRC-Prim-HE-06_005.tif_Row_1951_Col_7201.tif,7
Kather_texture_2016_image_tiles_5000/01_TUMOR/26D5_CRC-Prim-HE-02_003.tif_Row_301_Col_1.tif,0
Kather_texture_2016_image_tiles_5000/01_TUMOR/287C_CRC-Prim-HE-07_025.tif_Row_1201_Col_1.tif,0
Kather_texture_2016_image_tiles_5000/03_COMPLEX/15E93_CRC-Prim-HE-07_012.tif_Row_1_Col_451.tif,2
Kather_texture_2016_image_tiles_5000/06_MUCOSA/3735_CRC-Prim-HE-09_001.tif_Row_151_Col_151.tif,5
Kather_texture_2016_image_tiles_5000/04_LYMPHO/31FA_CRC-Prim-HE-02.tif_Row_901_Col_1.tif,3
Kather_texture_2016_image_tiles_5000/01_TUMOR/49D0_CRC-Prim-HE-10_006.tif_Row_1_Col_1.tif,0
Kather_texture_2016_image_tiles_5000/06_MUCOSA/3028_CRC-Prim-HE-09_001.tif_Row_1501_Col_151.tif,5
Kather_texture_2016_image_tiles_5000/06_MUCOSA/14358_CRC-Prim-HE-06_001.tif_Row_1051_Col_451.tif,5
Kather_texture_2016_image_tiles_5000/04_LYMPHO/12A3E_CRC-Prim-HE-09_007.tif_Row_1_Col_1.tif,3
Kather_texture_2016_image_tiles_5000/03_COMPLEX/12CD_CRC-Prim-HE-10_005.tif_Row_301_Col_301.tif,2
Kather_texture_2016_image_tiles_5000/02_STROMA/135ED_CRC-Prim-HE-03.tif_Row_751_Col_151.tif,1
Kather_texture_2016_image_tiles_5000/07_ADIPOSE/16D75_CRC-Prim-HE-07.tif_Row_1051_Col_3451.tif,6
Kather_texture_2016_image_tiles_5000/07_ADIPOSE/15770_CRC-Prim-HE-03_012.tif_Row_1801_Col_751.tif,6
Kather_texture_2016_image_tiles_5000/02_STROMA/12C16_CRC-Prim-HE-01_008.tif_Row_451_Col_151.tif,1
Kather_texture_2016_image_tiles_5000/03_COMPLEX/138C4_CRC-Prim-HE-03_002.tif_Row_1_Col_2251.tif,2
Kather_texture_2016_image_tiles_5000/03_COMPLEX/14E31_CRC-Prim-HE-06_019.tif_Row_151_Col_1.tif,2
Kather_texture_2016_image_tiles_5000/07_ADIPOSE/1019_CRC-Prim-HE-03_012.tif_Row_3451_Col_301.tif,6
Kather_texture_2016_image_tiles_5000/08_EMPTY/14DD6_CRC-Prim-HE-06_005.tif_Row_1951_Col_1801.tif,7
Kather_texture_2016_image_tiles_5000/04_LYMPHO/5EA0_CRC-Prim-HE-09_005.tif_Row_451_Col_151.tif,3
Kather_texture_2016_image_tiles_5000/05_DEBRIS/1236C_CRC-Prim-HE-05_031.tif_Row_151_Col_451.tif,4
Kather_texture_2016_image_tiles_5000/06_MUCOSA/1616_CRC-Prim-HE-06_001.tif_Row_151_Col_1.tif,5
Kather_texture_2016_image_tiles_5000/02_STROMA/1184F_CRC-Prim-HE-04.tif_Row_1501_Col_2701.tif,1
Kather_texture_2016_image_tiles_5000/02_STROMA/11645_CRC-Prim-HE-03.tif_Row_1_Col_1651.tif,1
Kather_texture_2016_image_tiles_5000/06_MUCOSA/116D6_CRC-Prim-HE-07_001_copy.tif_Row_1351_Col_151.tif,5
Kather_texture_2016_image_tiles_5000/08_EMPTY/1375F_CRC-Prim-HE-06_005.tif_Row_6001_Col_6301.tif,7
Kather_texture_2016_image_tiles_5000/05_DEBRIS/11393_CRC-Prim-HE-08_024.tif_Row_301_Col_451.tif,4
Kather_texture_2016_image_tiles_5000/06_MUCOSA/10F22_CRC-Prim-HE-05_001.tif_Row_301_Col_751.tif,5
Kather_texture_2016_image_tiles_5000/01_TUMOR/1595A_CRC-Prim-HE-08_007.tif_Row_1351_Col_301.tif,0
Kather_texture_2016_image_tiles_5000/01_TUMOR/178E9_CRC-Prim-HE-01_017.tif_Row_1_Col_1.tif,0
Kather_texture_2016_image_tiles_5000/03_COMPLEX/145D2_CRC-Prim-HE-10_005.tif_Row_151_Col_1.tif,2
Kather_texture_2016_image_tiles_5000/08_EMPTY/11FFC_CRC-Prim-HE-06_005.tif_Row_4651_Col_5101.tif,7
Kather_texture_2016_image_tiles_5000/06_MUCOSA/11814_CRC-Prim-HE-06_033.tif_Row_451_Col_901.tif,5
Kather_texture_2016_image_tiles_5000/08_EMPTY/13E90_CRC-Prim-HE-06_005.tif_Row_4651_Col_1201.tif,7
Kather_texture_2016_image_tiles_5000/02_STROMA/10172_CRC-Prim-HE-09.tif_Row_751_Col_2251.tif,1
Kather_texture_2016_image_tiles_5000/06_MUCOSA/16A51_CRC-Prim-HE-03_006.tif_Row_1501_Col_1501.tif,5
Kather_texture_2016_image_tiles_5000/02_STROMA/112F5_CRC-Prim-HE-04.tif_Row_1_Col_3301.tif,1
Kather_texture_2016_image_tiles_5000/08_EMPTY/1374C_CRC-Prim-HE-06_005.tif_Row_3601_Col_4051.tif,7
Kather_texture_2016_image_tiles_5000/04_LYMPHO/9A49_CRC-Prim-HE-05_003.tif_Row_1_Col_451.tif,3
Kather_texture_2016_image_tiles_5000/04_LYMPHO/B085_CRC-Prim-HE-05_010.tif_Row_601_Col_1.tif,3
Kather_texture_2016_image_tiles_5000/05_DEBRIS/6C96_CRC-Prim-HE-08_021.tif_Row_751_Col_151.tif,4
Kather_texture_2016_image_tiles_5000/06_MUCOSA/14654_CRC-Prim-HE-03_007.tif_Row_451_Col_1351.tif,5
Kather_texture_2016_image_tiles_5000/05_DEBRIS/21CD_CRC-Prim-HE-08_021.tif_Row_1801_Col_601.tif,4
Kather_texture_2016_image_tiles_5000/08_EMPTY/13978_CRC-Prim-HE-06_005.tif_Row_1651_Col_4801.tif,7
Kather_texture_2016_image_tiles_5000/07_ADIPOSE/12B85_CRC-Prim-HE-07.tif_Row_451_Col_3451.tif,6
Kather_texture_2016_image_tiles_5000/06_MUCOSA/1A62_CRC-Prim-HE-05.tif_Row_1201_Col_1501.tif,5
Kather_texture_2016_image_tiles_5000/03_COMPLEX/1C09_CRC-Prim-HE-01_035.tif_Row_151_Col_1201.tif,2
Kather_texture_2016_image_tiles_5000/01_TUMOR/89F4_CRC-Prim-HE-09_022.tif_Row_1_Col_1.tif,0
Kather_texture_2016_image_tiles_5000/06_MUCOSA/1394_CRC-Prim-HE-05.tif_Row_1801_Col_1051.tif,5
Kather_texture_2016_image_tiles_5000/04_LYMPHO/12DE3_CRC-Prim-HE-01_007.tif_Row_451_Col_1.tif,3
Kather_texture_2016_image_tiles_5000/05_DEBRIS/28B8_CRC-Prim-HE-08_023.tif_Row_451_Col_1.tif,4
Kather_texture_2016_image_tiles_5000/01_TUMOR/6A8F_CRC-Prim-HE-07_022.tif_Row_451_Col_301.tif,0
Kather_texture_2016_image_tiles_5000/07_ADIPOSE/134DD_CRC-Prim-HE-03_012.tif_Row_4051_Col_2701.tif,6
Kather_texture_2016_image_tiles_5000/01_TUMOR/7AC4_CRC-Prim-HE-02_028.tif_Row_151_Col_301.tif,0
Kather_texture_2016_image_tiles_5000/02_STROMA/13847_CRC-Prim-HE-02_029.tif_Row_151_Col_151.tif,1
Kather_texture_2016_image_tiles_5000/05_DEBRIS/4A32_CRC-Prim-HE-04_001.tif_Row_751_Col_301.tif,4
Kather_texture_2016_image_tiles_5000/03_COMPLEX/14872_CRC-Prim-HE-10_025.tif_Row_1051_Col_1.tif,2
Kather_texture_2016_image_tiles_5000/01_TUMOR/6000_CRC-Prim-HE-07_025.tif_Row_1201_Col_301.tif,0
Kather_texture_2016_image_tiles_5000/03_COMPLEX/1AB6_CRC-Prim-HE-01_035.tif_Row_151_Col_151.tif,2
Kather_texture_2016_image_tiles_5000/05_DEBRIS/15A42_CRC-Prim-HE-08_021.tif_Row_1501_Col_751.tif,4
Kather_texture_2016_image_tiles_5000/02_STROMA/10655_CRC-Prim-HE-04.tif_Row_1651_Col_1951.tif,1
Kather_texture_2016_image_tiles_5000/02_STROMA/12FC1_CRC-Prim-HE-04_013.tif_Row_2401_Col_751.tif,1
Kather_texture_2016_image_tiles_5000/03_COMPLEX/2351_CRC-Prim-HE-10_025.tif_Row_301_Col_151.tif,2
Kather_texture_2016_image_tiles_5000/05_DEBRIS/4B97_CRC-Prim-HE-08_021.tif_Row_1201_Col_301.tif,4
Kather_texture_2016_image_tiles_5000/02_STROMA/1175F_CRC-Prim-HE-04.tif_Row_1801_Col_151.tif,1
Kather_texture_2016_image_tiles_5000/01_TUMOR/11F76_CRC-Prim-HE-02_009b.tif_Row_1_Col_151.tif,0
Kather_texture_2016_image_tiles_5000/04_LYMPHO/5492_CRC-Prim-HE-05_010.tif_Row_1201_Col_1.tif,3
Kather_texture_2016_image_tiles_5000/08_EMPTY/1091_CRC-Prim-HE-06_005.tif_Row_5851_Col_2401.tif,7
Kather_texture_2016_image_tiles_5000/02_STROMA/12765_CRC-Prim-HE-09.tif_Row_901_Col_2551.tif,1
Kather_texture_2016_image_tiles_5000/04_LYMPHO/3A49_CRC-Prim-HE-09_019.tif_Row_301_Col_1.tif,3
Kather_texture_2016_image_tiles_5000/02_STROMA/12196_CRC-Prim-HE-09.tif_Row_151_Col_301.tif,1
Kather_texture_2016_image_tiles_5000/03_COMPLEX/127F0_CRC-Prim-HE-05_009a.tif_Row_451_Col_751.tif,2
Kather_texture_2016_image_tiles_5000/06_MUCOSA/32C_CRC-Prim-HE-08_022.tif_Row_301_Col_901.tif,5
Kather_texture_2016_image_tiles_5000/02_STROMA/11961_CRC-Prim-HE-01_018.tif_Row_901_Col_601.tif,1
Kather_texture_2016_image_tiles_5000/04_LYMPHO/7EBC_CRC-Prim-HE-05_003.tif_Row_451_Col_451.tif,3
Kather_texture_2016_image_tiles_5000/07_ADIPOSE/16BE_CRC-Prim-HE-07.tif_Row_751_Col_2251.tif,6
Kather_texture_2016_image_tiles_5000/04_LYMPHO/12860_CRC-Prim-HE-01_005.tif_Row_151_Col_451.tif,3
Kather_texture_2016_image_tiles_5000/07_ADIPOSE/1656E_CRC-Prim-HE-06_004.tif_Row_151_Col_2101.tif,6
Kather_texture_2016_image_tiles_5000/05_DEBRIS/6BBF_CRC-Prim-HE-08_024.tif_Row_1501_Col_1.tif,4
Kather_texture_2016_image_tiles_5000/06_MUCOSA/2520_CRC-Prim-HE-03_006.tif_Row_1801_Col_1501.tif,5
Kather_texture_2016_image_tiles_5000/06_MUCOSA/14D56_CRC-Prim-HE-05_030.tif_Row_451_Col_451.tif,5
Kather_texture_2016_image_tiles_5000/04_LYMPHO/CE90_CRC-Prim-HE-07_002.tif_Row_151_Col_151.tif,3
Kather_texture_2016_image_tiles_5000/08_EMPTY/14999_CRC-Prim-HE-06_005.tif_Row_751_Col_7651.tif,7
Kather_texture_2016_image_tiles_5000/07_ADIPOSE/13C30_CRC-Prim-HE-07.tif_Row_901_Col_1351.tif,6
Kather_texture_2016_image_tiles_5000/04_LYMPHO/F3C1_CRC-Prim-HE-05_003.tif_Row_1_Col_1651.tif,3
Kather_texture_2016_image_tiles_5000/07_ADIPOSE/13CEE_CRC-Prim-HE-05_032.tif_Row_1501_Col_901.tif,6
Kather_texture_2016_image_tiles_5000/02_STROMA/13910_CRC-Prim-HE-01_050.tif_Row_1201_Col_601.tif,1
Kather_texture_2016_image_tiles_5000/08_EMPTY/14E02_CRC-Prim-HE-06_005.tif_Row_601_Col_3901.tif,7
Kather_texture_2016_image_tiles_5000/06_MUCOSA/1621F_CRC-Prim-HE-03_006.tif_Row_451_Col_1201.tif,5
Kather_texture_2016_image_tiles_5000/03_COMPLEX/15860_CRC-Prim-HE-06_030.tif_Row_151_Col_751.tif,2
Kather_texture_2016_image_tiles_5000/01_TUMOR/119D1_CRC-Prim-HE-05_005.tif_Row_151_Col_1.tif,0
Kather_texture_2016_image_tiles_5000/01_TUMOR/11D58_CRC-Prim-HE-09_011.tif_Row_151_Col_151.tif,0
Kather_texture_2016_image_tiles_5000/02_STROMA/11210_CRC-Prim-HE-06_034.tif_Row_1201_Col_751.tif,1
Kather_texture_2016_image_tiles_5000/06_MUCOSA/12318_CRC-Prim-HE-05.tif_Row_601_Col_301.tif,5
Kather_texture_2016_image_tiles_5000/08_EMPTY/13C88_CRC-Prim-HE-06_005.tif_Row_3451_Col_7801.tif,7
Kather_texture_2016_image_tiles_5000/07_ADIPOSE/1158E_CRC-Prim-HE-07.tif_Row_1_Col_3001.tif,6
Kather_texture_2016_image_tiles_5000/03_COMPLEX/4E_CRC-Prim-HE-03_002.tif_Row_901_Col_1501.tif,2
Kather_texture_2016_image_tiles_5000/02_STROMA/124FF_CRC-Prim-HE-02_015.tif_Row_601_Col_2401.tif,1
Kather_texture_2016_image_tiles_5000/01_TUMOR/4095_CRC-Prim-HE-08_007.tif_Row_151_Col_1.tif,0
Kather_texture_2016_image_tiles_5000/08_EMPTY/15613_CRC-Prim-HE-06_005.tif_Row_5551_Col_1501.tif,7
Kather_texture_2016_image_tiles_5000/01_TUMOR/1460F_CRC-Prim-HE-07_025.tif_Row_1351_Col_451.tif,0
Kather_texture_2016_image_tiles_5000/03_COMPLEX/143BD_CRC-Prim-HE-06_028.tif_Row_151_Col_301.tif,2
Kather_texture_2016_image_tiles_5000/04_LYMPHO/12497_CRC-Prim-HE-01_005.tif_Row_151_Col_751.tif,3
Kather_texture_2016_image_tiles_5000/08_EMPTY/157D8_CRC-Prim-HE-06_005.tif_Row_601_Col_7351.tif,7
Kather_texture_2016_image_tiles_5000/02_STROMA/118A_CRC-Prim-HE-03.tif_Row_901_Col_1201.tif,1
Kather_texture_2016_image_tiles_5000/05_DEBRIS/2E5_CRC-Prim-HE-04_002.tif_Row_1_Col_1651.tif,4
Kather_texture_2016_image_tiles_5000/08_EMPTY/13D93_CRC-Prim-HE-06_005.tif_Row_5701_Col_2851.tif,7
Kather_texture_2016_image_tiles_5000/04_LYMPHO/13DD5_CRC-Prim-HE-02_012.tif_Row_601_Col_151.tif,3
Kather_texture_2016_image_tiles_5000/03_COMPLEX/117AD_CRC-Prim-HE-07_013.tif_Row_1_Col_451.tif,2
Kather_texture_2016_image_tiles_5000/03_COMPLEX/13A14_CRC-Prim-HE-03_002.tif_Row_601_Col_301.tif,2
Kather_texture_2016_image_tiles_5000/08_EMPTY/137DF_CRC-Prim-HE-10_026.tif_Row_151_Col_301.tif,7
Kather_texture_2016_image_tiles_5000/04_LYMPHO/9505_CRC-Prim-HE-04_031.tif_Row_451_Col_151.tif,3
Kather_texture_2016_image_tiles_5000/03_COMPLEX/13588_CRC-Prim-HE-05_009a.tif_Row_451_Col_1501.tif,2
Kather_texture_2016_image_tiles_5000/07_ADIPOSE/14818_CRC-Prim-HE-06_004.tif_Row_2701_Col_901.tif,6
Kather_texture_2016_image_tiles_5000/02_STROMA/11065_CRC-Prim-HE-03_008.tif_Row_901_Col_1351.tif,1
Kather_texture_2016_image_tiles_5000/07_ADIPOSE/16932_CRC-Prim-HE-10_020.tif_Row_901_Col_451.tif,6
Kather_texture_2016_image_tiles_5000/04_LYMPHO/F8CB_CRC-Prim-HE-01_005.tif_Row_301_Col_1.tif,3
Kather_texture_2016_image_tiles_5000/02_STROMA/129C8_CRC-Prim-HE-04.tif_Row_1201_Col_3001.tif,1
Kather_texture_2016_image_tiles_5000/06_MUCOSA/1526C_CRC-Prim-HE-06_033.tif_Row_901_Col_451.tif,5
Kather_texture_2016_image_tiles_5000/02_STROMA/12FA4_CRC-Prim-HE-08_012.tif_Row_301_Col_151.tif,1
Kather_texture_2016_image_tiles_5000/08_EMPTY/134E9_CRC-Prim-HE-06_005.tif_Row_3151_Col_5401.tif,7
Kather_texture_2016_image_tiles_5000/01_TUMOR/115E_CRC-Prim-HE-05_017.tif_Row_151_Col_151.tif,0
Kather_texture_2016_image_tiles_5000/04_LYMPHO/10FD6_CRC-Prim-HE-01_004.tif_Row_151_Col_301.tif,3
Kather_texture_2016_image_tiles_5000/07_ADIPOSE/15AD9_CRC-Prim-HE-10_020.tif_Row_1051_Col_1.tif,6
Kather_texture_2016_image_tiles_5000/03_COMPLEX/17BC4_CRC-Prim-HE-02_006.tif_Row_301_Col_151.tif,2
Kather_texture_2016_image_tiles_5000/01_TUMOR/136EB_CRC-Prim-HE-07_025.tif_Row_1_Col_451.tif,0
Kather_texture_2016_image_tiles_5000/02_STROMA/13808_CRC-Prim-HE-01_050.tif_Row_751_Col_1201.tif,1
Kather_texture_2016_image_tiles_5000/04_LYMPHO/7CAA_CRC-Prim-HE-10c.tif_Row_151_Col_151.tif,3
Kather_texture_2016_image_tiles_5000/04_LYMPHO/571C_CRC-Prim-HE-05_004.tif_Row_151_Col_151.tif,3
Kather_texture_2016_image_tiles_5000/04_LYMPHO/15734_CRC-Prim-HE-02_012.tif_Row_601_Col_1.tif,3
Kather_texture_2016_image_tiles_5000/02_STROMA/10FDE_CRC-Prim-HE-04.tif_Row_901_Col_1651.tif,1
Kather_texture_2016_image_tiles_5000/07_ADIPOSE/15ED1_CRC-Prim-HE-05_032.tif_Row_601_Col_3001.tif,6
Kather_texture_2016_image_tiles_5000/01_TUMOR/1614_CRC-Prim-HE-10_029.tif_Row_1_Col_301.tif,0
Kather_texture_2016_image_tiles_5000/04_LYMPHO/17CFA_CRC-Prim-HE-02.tif_Row_1_Col_301.tif,3
Kather_texture_2016_image_tiles_5000/01_TUMOR/15C75_CRC-Prim-HE-02_028.tif_Row_751_Col_151.tif,0
Kather_texture_2016_image_tiles_5000/03_COMPLEX/3855_CRC-Prim-HE-03_002.tif_Row_751_Col_301.tif,2
Kather_texture_2016_image_tiles_5000/06_MUCOSA/1510A_CRC-Prim-HE-07_001_copy.tif_Row_601_Col_451.tif,5
Kather_texture_2016_image_tiles_5000/03_COMPLEX/164AB_CRC-Prim-HE-05_009a.tif_Row_151_Col_1051.tif,2
Kather_texture_2016_image_tiles_5000/04_LYMPHO/CF2A_CRC-Prim-HE-09_021.tif_Row_1_Col_1.tif,3
Kather_texture_2016_image_tiles_5000/08_EMPTY/11472_CRC-Prim-HE-06_005.tif_Row_1201_Col_7051.tif,7
Kather_texture_2016_image_tiles_5000/04_LYMPHO/3C8A_CRC-Prim-HE-06_036.tif_Row_151_Col_151.tif,3
Kather_texture_2016_image_tiles_5000/06_MUCOSA/1CA2_CRC-Prim-HE-06_032.tif_Row_1201_Col_151.tif,5
Kather_texture_2016_image_tiles_5000/05_DEBRIS/2846_CRC-Prim-HE-05_031.tif_Row_151_Col_1201.tif,4
Kather_texture_2016_image_tiles_5000/03_COMPLEX/13F8A_CRC-Prim-HE-04_018.tif_Row_1_Col_151.tif,2
Kather_texture_2016_image_tiles_5000/06_MUCOSA/11E06_CRC-Prim-HE-09_001.tif_Row_751_Col_1201.tif,5
Kather_texture_2016_image_tiles_5000/02_STROMA/1372B_CRC-Prim-HE-05_002b.tif_Row_1501_Col_151.tif,1
Kather_texture_2016_image_tiles_5000/01_TUMOR/1852C_CRC-Prim-HE-03_028.tif_Row_301_Col_151.tif,0
Kather_texture_2016_image_tiles_5000/08_EMPTY/14E37_CRC-Prim-HE-06_005.tif_Row_3301_Col_4651.tif,7
Kather_texture_2016_image_tiles_5000/03_COMPLEX/27A5_CRC-Prim-HE-03_002.tif_Row_301_Col_1801.tif,2
Kather_texture_2016_image_tiles_5000/07_ADIPOSE/11808_CRC-Prim-HE-07.tif_Row_1051_Col_4051.tif,6
Kather_texture_2016_image_tiles_5000/02_STROMA/11C0E_CRC-Prim-HE-07_014.tif_Row_151_Col_451.tif,1
Kather_texture_2016_image_tiles_5000/05_DEBRIS/1522B_CRC-Prim-HE-06_037.tif_Row_151_Col_1.tif,4
Kather_texture_2016_image_tiles_5000/03_COMPLEX/18179_CRC-Prim-HE-07_017.tif_Row_151_Col_301.tif,2
Kather_texture_2016_image_tiles_5000/05_DEBRIS/17C0B_CRC-Prim-HE-05_031.tif_Row_151_Col_1.tif,4
Kather_texture_2016_image_tiles_5000/06_MUCOSA/167BB_CRC-Prim-HE-06_033.tif_Row_151_Col_301.tif,5
Kather_texture_2016_image_tiles_5000/07_ADIPOSE/12DFB_CRC-Prim-HE-06_004.tif_Row_2101_Col_451.tif,6
Kather_texture_2016_image_tiles_5000/01_TUMOR/174A3_CRC-Prim-HE-02_026.tif_Row_151_Col_451.tif,0
Kather_texture_2016_image_tiles_5000/04_LYMPHO/2625_CRC-Prim-HE-01.tif_Row_151_Col_1.tif,3
Kather_texture_2016_image_tiles_5000/02_STROMA/130E7_CRC-Prim-HE-07_026.tif_Row_601_Col_1.tif,1
Kather_texture_2016_image_tiles_5000/02_STROMA/140A0_CRC-Prim-HE-06_003.tif_Row_901_Col_1201.tif,1
Kather_texture_2016_image_tiles_5000/02_STROMA/13EBA_CRC-Prim-HE-03_008.tif_Row_1051_Col_1351.tif,1
Kather_texture_2016_image_tiles_5000/03_COMPLEX/10770_CRC-Prim-HE-03_002.tif_Row_451_Col_1651.tif,2
Kather_texture_2016_image_tiles_5000/05_DEBRIS/2DEE_CRC-Prim-HE-04_020.tif_Row_451_Col_1.tif,4
Kather_texture_2016_image_tiles_5000/07_ADIPOSE/15EB1_CRC-Prim-HE-05_032.tif_Row_901_Col_3451.tif,6
Kather_texture_2016_image_tiles_5000/08_EMPTY/1022E_CRC-Prim-HE-06_005.tif_Row_1651_Col_3601.tif,7
Kather_texture_2016_image_tiles_5000/05_DEBRIS/17BC7_CRC-Prim-HE-04_001.tif_Row_601_Col_601.tif,4
Kather_texture_2016_image_tiles_5000/04_LYMPHO/7A6_CRC-Prim-HE-05_022.tif_Row_451_Col_151.tif,3
Kather_texture_2016_image_tiles_5000/08_EMPTY/13B69_CRC-Prim-HE-06_005.tif_Row_1051_Col_7651.tif,7
Kather_texture_2016_image_tiles_5000/07_ADIPOSE/16C4D_CRC-Prim-HE-06_004.tif_Row_1801_Col_2551.tif,6
Kather_texture_2016_image_tiles_5000/04_LYMPHO/A868_CRC-Prim-HE-05_004.tif_Row_601_Col_901.tif,3
Kather_texture_2016_image_tiles_5000/05_DEBRIS/1592A_CRC-Prim-HE-04_020.tif_Row_151_Col_151.tif,4
Kather_texture_2016_image_tiles_5000/04_LYMPHO/4D2F_CRC-Prim-HE-02.tif_Row_901_Col_451.tif,3
Kather_texture_2016_image_tiles_5000/02_STROMA/12AE8_CRC-Prim-HE-07_028.tif_Row_1_Col_751.tif,1
Kather_texture_2016_image_tiles_5000/02_STROMA/13A26_CRC-Prim-HE-04_013.tif_Row_2101_Col_301.tif,1
Kather_texture_2016_image_tiles_5000/06_MUCOSA/180BC_CRC-Prim-HE-08_025.tif_Row_1651_Col_151.tif,5
Kather_texture_2016_image_tiles_5000/02_STROMA/1163A_CRC-Prim-HE-05_009b.tif_Row_751_Col_1201.tif,1
Kather_texture_2016_image_tiles_5000/01_TUMOR/9E08_CRC-Prim-HE-07_025.tif_Row_1951_Col_301.tif,0
Kather_texture_2016_image_tiles_5000/03_COMPLEX/13ECF_CRC-Prim-HE-06_030.tif_Row_1_Col_151.tif,2
Kather_texture_2016_image_tiles_5000/04_LYMPHO/12D77_CRC-Prim-HE-02.tif_Row_601_Col_301.tif,3
Kather_texture_2016_image_tiles_5000/04_LYMPHO/11221_CRC-Prim-HE-02_002b.tif_Row_301_Col_451.tif,3
Kather_texture_2016_image_tiles_5000/06_MUCOSA/168B1_CRC-Prim-HE-03_006.tif_Row_1501_Col_901.tif,5
Kather_texture_2016_image_tiles_5000/06_MUCOSA/2238_CRC-Prim-HE-05_030.tif_Row_301_Col_1051.tif,5
Kather_texture_2016_image_tiles_5000/06_MUCOSA/2E1E_CRC-Prim-HE-05.tif_Row_1201_Col_601.tif,5
Kather_texture_2016_image_tiles_5000/02_STROMA/124BD_CRC-Prim-HE-01_018.tif_Row_601_Col_151.tif,1
Kather_texture_2016_image_tiles_5000/01_TUMOR/18355_CRC-Prim-HE-07_022.tif_Row_901_Col_1.tif,0
Kather_texture_2016_image_tiles_5000/07_ADIPOSE/1560A_CRC-Prim-HE-03_012.tif_Row_1351_Col_2551.tif,6
Kather_texture_2016_image_tiles_5000/08_EMPTY/12F6E_CRC-Prim-HE-06_005.tif_Row_2851_Col_7801.tif,7
Kather_texture_2016_image_tiles_5000/08_EMPTY/12F73_CRC-Prim-HE-06_005.tif_Row_5701_Col_7201.tif,7
Kather_texture_2016_image_tiles_5000/05_DEBRIS/1271A_CRC-Prim-HE-07_002.tif_Row_301_Col_1201.tif,4
Kather_texture_2016_image_tiles_5000/05_DEBRIS/75D4_CRC-Prim-HE-08_023.tif_Row_901_Col_751.tif,4
Kather_texture_2016_image_tiles_5000/04_LYMPHO/F9BC_CRC-Prim-HE-06.tif_Row_1_Col_1.tif,3
Kather_texture_2016_image_tiles_5000/02_STROMA/110DF_CRC-Prim-HE-03.tif_Row_751_Col_1651.tif,1
Kather_texture_2016_image_tiles_5000/07_ADIPOSE/14D31_CRC-Prim-HE-03_012.tif_Row_1501_Col_601.tif,6
Kather_texture_2016_image_tiles_5000/02_STROMA/13F70_CRC-Prim-HE-07_014.tif_Row_751_Col_1351.tif,1
Kather_texture_2016_image_tiles_5000/08_EMPTY/10F19_CRC-Prim-HE-06_005.tif_Row_1201_Col_7651.tif,7
Kather_texture_2016_image_tiles_5000/08_EMPTY/13CC1_CRC-Prim-HE-06_005.tif_Row_3151_Col_4201.tif,7
Kather_texture_2016_image_tiles_5000/06_MUCOSA/1118A_CRC-Prim-HE-03_007.tif_Row_751_Col_1651.tif,5
Kather_texture_2016_image_tiles_5000/01_TUMOR/389F_CRC-Prim-HE-07.tif_Row_1_Col_1.tif,0
Kather_texture_2016_image_tiles_5000/08_EMPTY/14AD7_CRC-Prim-HE-06_005.tif_Row_2251_Col_3451.tif,7
Kather_texture_2016_image_tiles_5000/06_MUCOSA/154E3_CRC-Prim-HE-09_001.tif_Row_451_Col_901.tif,5
Kather_texture_2016_image_tiles_5000/06_MUCOSA/15959_CRC-Prim-HE-03_007.tif_Row_601_Col_1951.tif,5
Kather_texture_2016_image_tiles_5000/06_MUCOSA/16C04_CRC-Prim-HE-08_022.tif_Row_1_Col_1801.tif,5
Kather_texture_2016_image_tiles_5000/05_DEBRIS/54E2_CRC-Prim-HE-08_021.tif_Row_1201_Col_1.tif,4
Kather_texture_2016_image_tiles_5000/07_ADIPOSE/1081_CRC-Prim-HE-10_020.tif_Row_901_Col_3001.tif,6
Kather_texture_2016_image_tiles_5000/05_DEBRIS/123D2_CRC-Prim-HE-04_004.tif_Row_151_Col_301.tif,4
Kather_texture_2016_image_tiles_5000/01_TUMOR/8831_CRC-Prim-HE-09_010.tif_Row_1_Col_301.tif,0
Kather_texture_2016_image_tiles_5000/05_DEBRIS/6DEE_CRC-Prim-HE-10_018.tif_Row_451_Col_1.tif,4
Kather_texture_2016_image_tiles_5000/08_EMPTY/1534F_CRC-Prim-HE-06_005.tif_Row_3901_Col_6751.tif,7
Kather_texture_2016_image_tiles_5000/02_STROMA/14389_CRC-Prim-HE-07_026.tif_Row_751_Col_151.tif,1
Kather_texture_2016_image_tiles_5000/02_STROMA/1367B_CRC-Prim-HE-01_008.tif_Row_1_Col_1.tif,1
Kather_texture_2016_image_tiles_5000/03_COMPLEX/3800_CRC-Prim-HE-09_016.tif_Row_451_Col_901.tif,2
Kather_texture_2016_image_tiles_5000/07_ADIPOSE/15D41_CRC-Prim-HE-10_020.tif_Row_301_Col_1.tif,6
Kather_texture_2016_image_tiles_5000/03_COMPLEX/12DBD_CRC-Prim-HE-01_049.tif_Row_151_Col_151.tif,2
Kather_texture_2016_image_tiles_5000/03_COMPLEX/149D7_CRC-Prim-HE-10_012.tif_Row_1_Col_1.tif,2
Kather_texture_2016_image_tiles_5000/06_MUCOSA/17E1E_CRC-Prim-HE-06_032.tif_Row_1_Col_301.tif,5
Kather_texture_2016_image_tiles_5000/03_COMPLEX/65D9_CRC-Prim-HE-07_004.tif_Row_1_Col_1.tif,2
Kather_texture_2016_image_tiles_5000/01_TUMOR/13CCC_CRC-Prim-HE-01_027.tif_Row_151_Col_1.tif,0
Kather_texture_2016_image_tiles_5000/07_ADIPOSE/116B3_CRC-Prim-HE-10_020.tif_Row_301_Col_1801.tif,6
Kather_texture_2016_image_tiles_5000/03_COMPLEX/108FE_CRC-Prim-HE-08_005.tif_Row_151_Col_1.tif,2
Kather_texture_2016_image_tiles_5000/03_COMPLEX/5CF1_CRC-Prim-HE-09_028.tif_Row_451_Col_151.tif,2
Kather_texture_2016_image_tiles_5000/05_DEBRIS/3D6F_CRC-Prim-HE-01_024.tif_Row_1_Col_151.tif,4
Kather_texture_2016_image_tiles_5000/05_DEBRIS/6AE2_CRC-Prim-HE-07_002.tif_Row_601_Col_1.tif,4
Kather_texture_2016_image_tiles_5000/02_STROMA/11442_CRC-Prim-HE-04.tif_Row_1_Col_3001.tif,1
Kather_texture_2016_image_tiles_5000/01_TUMOR/13BAB_CRC-Prim-HE-07_023.tif_Row_151_Col_301.tif,0
Kather_texture_2016_image_tiles_5000/07_ADIPOSE/12668_CRC-Prim-HE-04_036.tif_Row_301_Col_451.tif,6
Kather_texture_2016_image_tiles_5000/08_EMPTY/126D9_CRC-Prim-HE-06_005.tif_Row_3751_Col_5851.tif,7
Kather_texture_2016_image_tiles_5000/02_STROMA/11F09_CRC-Prim-HE-03_003.tif_Row_751_Col_451.tif,1
Kather_texture_2016_image_tiles_5000/07_ADIPOSE/11315_CRC-Prim-HE-03_012.tif_Row_1951_Col_1051.tif,6
Kather_texture_2016_image_tiles_5000/01_TUMOR/3530_CRC-Prim-HE-08_007.tif_Row_301_Col_301.tif,0
Kather_texture_2016_image_tiles_5000/06_MUCOSA/11CB1_CRC-Prim-HE-07_001.tif_Row_601_Col_3001.tif,5
Kather_texture_2016_image_tiles_5000/05_DEBRIS/17F50_CRC-Prim-HE-03_014.tif_Row_151_Col_151.tif,4
Kather_texture_2016_image_tiles_5000/05_DEBRIS/17B28_CRC-Prim-HE-04_004.tif_Row_151_Col_1051.tif,4
Kather_texture_2016_image_tiles_5000/02_STROMA/13462_CRC-Prim-HE-01_019.tif_Row_751_Col_451.tif,1
Kather_texture_2016_image_tiles_5000/01_TUMOR/181F5_CRC-Prim-HE-04_014.tif_Row_1_Col_451.tif,0
Kather_texture_2016_image_tiles_5000/03_COMPLEX/10FA1_CRC-Prim-HE-05_002a.tif_Row_751_Col_1.tif,2
Kather_texture_2016_image_tiles_5000/06_MUCOSA/15702_CRC-Prim-HE-06_035.tif_Row_451_Col_151.tif,5
Kather_texture_2016_image_tiles_5000/02_STROMA/12C6B_CRC-Prim-HE-10_019.tif_Row_451_Col_2251.tif,1
Kather_texture_2016_image_tiles_5000/02_STROMA/1457_CRC-Prim-HE-09.tif_Row_151_Col_151.tif,1
Kather_texture_2016_image_tiles_5000/02_STROMA/10A8_CRC-Prim-HE-05_002b.tif_Row_301_Col_601.tif,1
Kather_texture_2016_image_tiles_5000/01_TUMOR/1266D_CRC-Prim-HE-04_009.tif_Row_1_Col_1.tif,0
Kather_texture_2016_image_tiles_5000/03_COMPLEX/3AE3_CRC-Prim-HE-01_036.tif_Row_1_Col_151.tif,2
Kather_texture_2016_image_tiles_5000/05_DEBRIS/15CC0_CRC-Prim-HE-07_002.tif_Row_1_Col_1051.tif,4
Kather_texture_2016_image_tiles_5000/05_DEBRIS/6B49_CRC-Prim-HE-08_021.tif_Row_1201_Col_1501.tif,4
Kather_texture_2016_image_tiles_5000/02_STROMA/11133_CRC-Prim-HE-06_034.tif_Row_1201_Col_301.tif,1
Kather_texture_2016_image_tiles_5000/07_ADIPOSE/14111_CRC-Prim-HE-10_020.tif_Row_451_Col_151.tif,6
Kather_texture_2016_image_tiles_5000/03_COMPLEX/1D7_CRC-Prim-HE-01_036.tif_Row_151_Col_151.tif,2
Kather_texture_2016_image_tiles_5000/03_COMPLEX/5429_CRC-Prim-HE-05_019.tif_Row_1_Col_301.tif,2
Kather_texture_2016_image_tiles_5000/04_LYMPHO/E86D_CRC-Prim-HE-09_019.tif_Row_601_Col_1.tif,3
Kather_texture_2016_image_tiles_5000/01_TUMOR/2B70_CRC-Prim-HE-08_016.tif_Row_1_Col_1.tif,0
Kather_texture_2016_image_tiles_5000/05_DEBRIS/1031B_CRC-Prim-HE-08_024.tif_Row_1201_Col_151.tif,4
Kather_texture_2016_image_tiles_5000/07_ADIPOSE/16005_CRC-Prim-HE-06_004.tif_Row_151_Col_1351.tif,6
Kather_texture_2016_image_tiles_5000/07_ADIPOSE/12BDE_CRC-Prim-HE-07.tif_Row_1201_Col_3601.tif,6
Kather_texture_2016_image_tiles_5000/08_EMPTY/10686_CRC-Prim-HE-06_005.tif_Row_3451_Col_6901.tif,7
Kather_texture_2016_image_tiles_5000/04_LYMPHO/168E9_CRC-Prim-HE-09_005.tif_Row_451_Col_1.tif,3
Kather_texture_2016_image_tiles_5000/07_ADIPOSE/15DE3_CRC-Prim-HE-06_004.tif_Row_1651_Col_2551.tif,6
Kather_texture_2016_image_tiles_5000/02_STROMA/11026_CRC-Prim-HE-04.tif_Row_601_Col_1.tif,1
Kather_texture_2016_image_tiles_5000/06_MUCOSA/17841_CRC-Prim-HE-07_001.tif_Row_1_Col_2551.tif,5
Kather_texture_2016_image_tiles_5000/06_MUCOSA/12BAE_CRC-Prim-HE-07_001.tif_Row_751_Col_3001.tif,5
Kather_texture_2016_image_tiles_5000/01_TUMOR/164CA_CRC-Prim-HE-01_008.tif_Row_1_Col_1.tif,0
Kather_texture_2016_image_tiles_5000/01_TUMOR/16D66_CRC-Prim-HE-02_028.tif_Row_601_Col_451.tif,0
Kather_texture_2016_image_tiles_5000/08_EMPTY/15462_CRC-Prim-HE-06_005.tif_Row_601_Col_2251.tif,7
Kather_texture_2016_image_tiles_5000/01_TUMOR/13A16_CRC-Prim-HE-09_022.tif_Row_1_Col_151.tif,0
Kather_texture_2016_image_tiles_5000/03_COMPLEX/2766_CRC-Prim-HE-03_002.tif_Row_1051_Col_2101.tif,2
Kather_texture_2016_image_tiles_5000/04_LYMPHO/1434D_CRC-Prim-HE-05_022.tif_Row_601_Col_151.tif,3
Kather_texture_2016_image_tiles_5000/04_LYMPHO/5971_CRC-Prim-HE-03_032.tif_Row_151_Col_1.tif,3
Kather_texture_2016_image_tiles_5000/02_STROMA/12016_CRC-Prim-HE-06_034.tif_Row_1201_Col_601.tif,1
Kather_texture_2016_image_tiles_5000/06_MUCOSA/13977_CRC-Prim-HE-03_007.tif_Row_451_Col_1501.tif,5
Kather_texture_2016_image_tiles_5000/06_MUCOSA/3556_CRC-Prim-HE-05.tif_Row_1201_Col_751.tif,5
Kather_texture_2016_image_tiles_5000/03_COMPLEX/6817_CRC-Prim-HE-08_013.tif_Row_1_Col_1.tif,2
Kather_texture_2016_image_tiles_5000/02_STROMA/107EE_CRC-Prim-HE-03_016.tif_Row_751_Col_1051.tif,1
Kather_texture_2016_image_tiles_5000/01_TUMOR/9FD9_CRC-Prim-HE-04_032.tif_Row_301_Col_151.tif,0
Kather_texture_2016_image_tiles_5000/07_ADIPOSE/1342D_CRC-Prim-HE-06_004.tif_Row_901_Col_451.tif,6
Kather_texture_2016_image_tiles_5000/03_COMPLEX/15BBF_CRC-Prim-HE-09_016.tif_Row_1_Col_451.tif,2
Kather_texture_2016_image_tiles_5000/04_LYMPHO/140C0_CRC-Prim-HE-05_003.tif_Row_451_Col_1351.tif,3
Kather_texture_2016_image_tiles_5000/05_DEBRIS/117DD_CRC-Prim-HE-08_021.tif_Row_1_Col_1201.tif,4
Kather_texture_2016_image_tiles_5000/01_TUMOR/8ACA_CRC-Prim-HE-09_010.tif_Row_301_Col_601.tif,0
Kather_texture_2016_image_tiles_5000/05_DEBRIS/67A8_CRC-Prim-HE-07_002.tif_Row_451_Col_751.tif,4
Kather_texture_2016_image_tiles_5000/06_MUCOSA/1659A_CRC-Prim-HE-07_001_copy.tif_Row_1051_Col_451.tif,5
Kather_texture_2016_image_tiles_5000/03_COMPLEX/67A0_CRC-Prim-HE-06_026.tif_Row_1_Col_1.tif,2
Kather_texture_2016_image_tiles_5000/07_ADIPOSE/10C5C_CRC-Prim-HE-05_032.tif_Row_1951_Col_1351.tif,6
Kather_texture_2016_image_tiles_5000/06_MUCOSA/17101_CRC-Prim-HE-03_006.tif_Row_1351_Col_751.tif,5
Kather_texture_2016_image_tiles_5000/04_LYMPHO/D0E9_CRC-Prim-HE-05_004.tif_Row_451_Col_901.tif,3
Kather_texture_2016_image_tiles_5000/03_COMPLEX/12FA3_CRC-Prim-HE-07_027.tif_Row_1_Col_451.tif,2
Kather_texture_2016_image_tiles_5000/04_LYMPHO/39B8_CRC-Prim-HE-01_005.tif_Row_1_Col_451.tif,3
Kather_texture_2016_image_tiles_5000/06_MUCOSA/110EB_CRC-Prim-HE-07_001.tif_Row_751_Col_1951.tif,5
Kather_texture_2016_image_tiles_5000/05_DEBRIS/11A32_CRC-Prim-HE-04_001.tif_Row_1_Col_601.tif,4
